pentamer_randrand_train_1000-1
-382.029786603547 0.000000000000 0.000000000000
-381.981106277580 0.048680325966 0.048680325966
-381.981708758394 0.048077845153 -0.000602480813
-381.981656353429 0.048130250118 0.000052404965

pentamer_randrand_train_1000-2
-382.034524716016 0.000000000000 0.000000000000
-382.001713725645 0.032810990371 0.032810990371
-382.000327450123 0.034197265893 0.001386275522
-382.000574299169 0.033950416847 -0.000246849046

pentamer_randrand_train_1000-3
-382.029381707531 0.000000000000 0.000000000000
-381.790891600300 0.238490107231 0.238490107231
-381.793251001823 0.236130705708 -0.002359401523
-381.793618742849 0.235762964683 -0.000367741025

pentamer_randrand_train_1000-4
-382.037480441808 0.000000000000 0.000000000000
-381.754449124260 0.283031317547 0.283031317547
-381.769263894381 0.268216547427 -0.014814770120
-381.768793559054 0.268686882753 0.000470335326

pentamer_randrand_train_1000-5
-382.027367836449 0.000000000000 0.000000000000
-381.930879979111 0.096487857338 0.096487857338
-381.922484302714 0.104883533735 0.008395676397
-381.923343473044 0.104024363405 -0.000859170330

pentamer_randrand_train_1000-6
-382.036299518781 0.000000000000 0.000000000000
-381.789921349813 0.246378168967 0.246378168967
-381.784512675853 0.251786842928 0.005408673961
-381.784535885962 0.251763632818 -0.000023210110

pentamer_randrand_train_1000-7
-382.033332919329 0.000000000000 0.000000000000
-381.830134893106 0.203198026222 0.203198026222
-381.836972683104 0.196360236224 -0.006837789998
-381.836467192416 0.196865726912 0.000505490688

pentamer_randrand_train_1000-8
-382.041444704860 0.000000000000 0.000000000000
-381.721604447890 0.319840256970 0.319840256970
-381.715250683195 0.326194021665 0.006353764695
-381.717350241285 0.324094463575 -0.002099558090

pentamer_randrand_train_1000-9
-382.019740159967 0.000000000000 0.000000000000
-382.008627482475 0.011112677492 0.011112677492
-382.006384194242 0.013355965725 0.002243288233
-382.006518261576 0.013221898391 -0.000134067334

pentamer_randrand_train_1000-10
-382.036038085236 0.000000000000 0.000000000000
-381.963946099313 0.072091985923 0.072091985923
-381.961723698647 0.074314386589 0.002222400666
-381.962073511185 0.073964574051 -0.000349812539

pentamer_randrand_train_1000-11
-382.033724657797 0.000000000000 0.000000000000
-381.885151246258 0.148573411539 0.148573411539
-381.906381605225 0.127343052572 -0.021230358966
-381.904437165401 0.129287492396 0.001944439823

pentamer_randrand_train_1000-12
-382.030733574875 0.000000000000 0.000000000000
-381.926303107658 0.104430467218 0.104430467218
-381.929962424357 0.100771150519 -0.003659316699
-381.930082610134 0.100650964741 -0.000120185778

pentamer_randrand_train_1000-13
-382.036533884567 0.000000000000 0.000000000000
-381.751217326889 0.285316557678 0.285316557678
-381.758561035912 0.277972848655 -0.007343709023
-381.758437690920 0.278096193647 0.000123344992

pentamer_randrand_train_1000-14
-382.027568526637 0.000000000000 0.000000000000
-381.979581680195 0.047986846442 0.047986846442
-381.973401133426 0.054167393211 0.006180546769
-381.973225246436 0.054343280201 0.000175886990

pentamer_randrand_train_1000-15
-382.036735188553 0.000000000000 0.000000000000
-381.998796710437 0.037938478116 0.037938478116
-381.996865946646 0.039869241907 0.001930763791
-381.996810583490 0.039924605063 0.000055363156

pentamer_randrand_train_1000-16
-382.031599808818 0.000000000000 0.000000000000
-381.929226706766 0.102373102052 0.102373102052
-381.930410073761 0.101189735057 -0.001183366995
-381.930245476478 0.101354332340 0.000164597283

pentamer_randrand_train_1000-17
-382.031039306470 0.000000000000 0.000000000000
-381.844749356142 0.186289950328 0.186289950328
-381.850114005200 0.180925301270 -0.005364649058
-381.849867117456 0.181172189015 0.000246887744

pentamer_randrand_train_1000-18
-382.030947474028 0.000000000000 0.000000000000
-381.885907037490 0.145040436538 0.145040436538
-381.887262355887 0.143685118141 -0.001355318397
-381.887269649085 0.143677824943 -0.000007293197

pentamer_randrand_train_1000-19
-382.027215503557 0.000000000000 0.000000000000
-381.990232053419 0.036983450138 0.036983450138
-381.987064923627 0.040150579930 0.003167129792
-381.987324686268 0.039890817289 -0.000259762641

pentamer_randrand_train_1000-20
-382.029517942419 0.000000000000 0.000000000000
-381.729192603845 0.300325338574 0.300325338574
-381.731641539792 0.297876402628 -0.002448935946
-381.732526423267 0.296991519152 -0.000884883475

pentamer_randrand_train_1000-21
-382.022013927867 0.000000000000 0.000000000000
-382.006984907879 0.015029019987 0.015029019987
-382.006691237513 0.015322690353 0.000293670366
-382.006698093482 0.015315834385 -0.000006855968

pentamer_randrand_train_1000-22
-382.027733426141 0.000000000000 0.000000000000
-382.007121801579 0.020611624562 0.020611624562
-382.006212959535 0.021520466606 0.000908842044
-382.006219038655 0.021514387486 -0.000006079120

pentamer_randrand_train_1000-23
-382.030155703421 0.000000000000 0.000000000000
-381.927889521788 0.102266181632 0.102266181632
-381.926824593698 0.103331109723 0.001064928090
-381.926928903197 0.103226800223 -0.000104309500

pentamer_randrand_train_1000-24
-382.038671950755 0.000000000000 0.000000000000
-382.047376292985 -0.008704342230 -0.008704342230
-382.045113601425 -0.006441650670 0.002262691560
-382.045054064917 -0.006382114162 0.000059536509

pentamer_randrand_train_1000-25
-382.036638592236 0.000000000000 0.000000000000
-381.893974144821 0.142664447416 0.142664447416
-381.894832233330 0.141806358906 -0.000858088509
-381.894756762290 0.141881829946 0.000075471040

pentamer_randrand_train_1000-26
-382.034632498610 0.000000000000 0.000000000000
-382.037606519498 -0.002974020889 -0.002974020889
-382.037932948733 -0.003300450123 -0.000326429235
-382.037857584421 -0.003225085812 0.000075364312

pentamer_randrand_train_1000-27
-382.025141099662 0.000000000000 0.000000000000
-381.971199868625 0.053941231037 0.053941231037
-381.973633086800 0.051508012862 -0.002433218175
-381.973419953104 0.051721146558 0.000213133696

pentamer_randrand_train_1000-28
-382.025055254128 0.000000000000 0.000000000000
-381.833080155328 0.191975098800 0.191975098800
-381.834996877330 0.190058376798 -0.001916722001
-381.835253082795 0.189802171333 -0.000256205466

pentamer_randrand_train_1000-29
-382.036030571416 0.000000000000 0.000000000000
-382.023428140802 0.012602430614 0.012602430614
-382.023518776674 0.012511794743 -0.000090635872
-382.023752601069 0.012277970347 -0.000233824395

pentamer_randrand_train_1000-30
-382.031788889910 0.000000000000 0.000000000000
-381.928630906985 0.103157982925 0.103157982925
-381.926399184352 0.105389705558 0.002231722633
-381.926310471609 0.105478418301 0.000088712743

pentamer_randrand_train_1000-31
-382.030313499671 0.000000000000 0.000000000000
-381.925600067700 0.104713431970 0.104713431970
-381.924166147351 0.106147352319 0.001433920349
-381.924401525370 0.105911974301 -0.000235378018

pentamer_randrand_train_1000-32
-382.034431440705 0.000000000000 0.000000000000
-381.805574296333 0.228857144372 0.228857144372
-381.798685949145 0.235745491560 0.006888347188
-381.798917222260 0.235514218445 -0.000231273115

pentamer_randrand_train_1000-33
-382.037314001715 0.000000000000 0.000000000000
-381.647835944288 0.389478057427 0.389478057427
-381.662662732496 0.374651269219 -0.014826788208
-381.661332459475 0.375981542240 0.001330273020

pentamer_randrand_train_1000-34
-382.034439033157 0.000000000000 0.000000000000
-381.784349908655 0.250089124503 0.250089124503
-381.795360214130 0.239078819027 -0.011010305475
-381.793656516135 0.240782517022 0.001703697995

pentamer_randrand_train_1000-35
-382.019712125089 0.000000000000 0.000000000000
-381.953017486508 0.066694638581 0.066694638581
-381.951022488911 0.068689636178 0.001994997597
-381.951678202404 0.068033922685 -0.000655713493

pentamer_randrand_train_1000-36
-382.025940176705 0.000000000000 0.000000000000
-382.018240959719 0.007699216986 0.007699216986
-382.018583484805 0.007356691900 -0.000342525086
-382.018589185909 0.007350990797 -0.000005701104

pentamer_randrand_train_1000-37
-382.024071651042 0.000000000000 0.000000000000
-381.891852834014 0.132218817028 0.132218817028
-381.898542351275 0.125529299768 -0.006689517261
-381.899236678596 0.124834972446 -0.000694327321

pentamer_randrand_train_1000-38
-382.036866981403 0.000000000000 0.000000000000
-381.970494153601 0.066372827802 0.066372827802
-381.970200106318 0.066666875085 0.000294047283
-381.970481619364 0.066385362038 -0.000281513047

pentamer_randrand_train_1000-39
-382.029089798558 0.000000000000 0.000000000000
-381.852434887772 0.176654910787 0.176654910787
-381.849565787522 0.179524011036 0.002869100250
-381.850381020632 0.178708777927 -0.000815233110

pentamer_randrand_train_1000-40
-382.031000403765 0.000000000000 0.000000000000
-381.945950982742 0.085049421022 0.085049421022
-381.946056124897 0.084944278868 -0.000105142154
-381.945910078618 0.085090325147 0.000146046279

pentamer_randrand_train_1000-41
-382.031874748671 0.000000000000 0.000000000000
-381.965043778323 0.066830970349 0.066830970349
-381.962425229142 0.069449519529 0.002618549180
-381.962794642183 0.069080106488 -0.000369413041

pentamer_randrand_train_1000-42
-382.020912125327 0.000000000000 0.000000000000
-381.961776312401 0.059135812926 0.059135812926
-381.963075144550 0.057836980776 -0.001298832150
-381.962978904212 0.057933221115 0.000096240339

pentamer_randrand_train_1000-43
-382.030788260614 0.000000000000 0.000000000000
-381.957013798017 0.073774462597 0.073774462597
-381.954773330078 0.076014930536 0.002240467939
-381.954657338464 0.076130922150 0.000115991614

pentamer_randrand_train_1000-44
-382.030445835823 0.000000000000 0.000000000000
-381.916878249550 0.113567586272 0.113567586272
-381.911326792010 0.119119043813 0.005551457541
-381.911221745443 0.119224090380 0.000105046567

pentamer_randrand_train_1000-45
-382.030567572312 0.000000000000 0.000000000000
-381.943293968116 0.087273604196 0.087273604196
-381.937489229244 0.093078343068 0.005804738872
-381.937606669869 0.092960902443 -0.000117440624

pentamer_randrand_train_1000-46
-382.031563506136 0.000000000000 0.000000000000
-382.007815966468 0.023747539668 0.023747539668
-382.005818933513 0.025744572623 0.001997032955
-382.005697600438 0.025865905697 0.000121333075

pentamer_randrand_train_1000-47
-382.029774789479 0.000000000000 0.000000000000
-381.909880954407 0.119893835073 0.119893835073
-381.909443838286 0.120330951193 0.000437116120
-381.909344120126 0.120430669353 0.000099718160

pentamer_randrand_train_1000-48
-382.029340501273 0.000000000000 0.000000000000
-382.009196891564 0.020143609709 0.020143609709
-382.013183822437 0.016156678836 -0.003986930873
-382.013003367541 0.016337133732 0.000180454896

pentamer_randrand_train_1000-49
-382.034805185412 0.000000000000 0.000000000000
-381.883551952503 0.151253232908 0.151253232908
-381.885280614327 0.149524571085 -0.001728661823
-381.885012585823 0.149792599588 0.000268028503

pentamer_randrand_train_1000-50
-382.028293662835 0.000000000000 0.000000000000
-381.961414530347 0.066879132487 0.066879132487
-381.964694476619 0.063599186215 -0.003279946272
-381.964813466329 0.063480196506 -0.000118989710

pentamer_randrand_train_1000-51
-382.036071839631 0.000000000000 0.000000000000
-382.004173816090 0.031898023541 0.031898023541
-382.003683257813 0.032388581819 0.000490558277
-382.003768227256 0.032303612375 -0.000084969444

pentamer_randrand_train_1000-52
-382.034933421434 0.000000000000 0.000000000000
-381.992928382923 0.042005038511 0.042005038511
-381.991122633721 0.043810787713 0.001805749202
-381.991210537606 0.043722883828 -0.000087903885

pentamer_randrand_train_1000-53
-382.036884399666 0.000000000000 0.000000000000
-382.014495783943 0.022388615723 0.022388615723
-382.014828755982 0.022055643684 -0.000332972039
-382.014844529040 0.022039870626 -0.000015773058

pentamer_randrand_train_1000-54
-382.037607092181 0.000000000000 0.000000000000
-382.034944976938 0.002662115243 0.002662115243
-382.033669086814 0.003938005368 0.001275890124
-382.033762275766 0.003844816415 -0.000093188952

pentamer_randrand_train_1000-55
-382.026195518267 0.000000000000 0.000000000000
-381.986972909461 0.039222608805 0.039222608805
-381.987596621547 0.038598896719 -0.000623712086
-381.987566735194 0.038628783073 0.000029886354

pentamer_randrand_train_1000-56
-382.031234507261 0.000000000000 0.000000000000
-381.703317571458 0.327916935803 0.327916935803
-381.703336574892 0.327897932369 -0.000019003434
-381.703302911904 0.327931595357 0.000033662988

pentamer_randrand_train_1000-57
-382.036060469302 0.000000000000 0.000000000000
-381.732365285002 0.303695184300 0.303695184300
-381.731312731411 0.304747737891 0.001052553591
-381.731877069327 0.304183399975 -0.000564337916

pentamer_randrand_train_1000-58
-382.034692356676 0.000000000000 0.000000000000
-381.829012228404 0.205680128272 0.205680128272
-381.825766897668 0.208925459007 0.003245330735
-381.826129828841 0.208562527835 -0.000362931173

pentamer_randrand_train_1000-59
-382.038101880362 0.000000000000 0.000000000000
-381.983307696873 0.054794183489 0.054794183489
-381.982483726028 0.055618154334 0.000823970845
-381.982297394592 0.055804485770 0.000186331436

pentamer_randrand_train_1000-60
-382.034883964004 0.000000000000 0.000000000000
-381.948967489887 0.085916474117 0.085916474117
-381.943409736383 0.091474227621 0.005557753504
-381.943913331091 0.090970632913 -0.000503594708

pentamer_randrand_train_1000-61
-382.032544452322 0.000000000000 0.000000000000
-382.031979776798 0.000564675524 0.000564675524
-382.032686462536 -0.000142010214 -0.000706685738
-382.032786126663 -0.000241674340 -0.000099664126

pentamer_randrand_train_1000-62
-382.037512726140 0.000000000000 0.000000000000
-381.857307925754 0.180204800386 0.180204800386
-381.866884150020 0.170628576120 -0.009576224266
-381.867125575450 0.170387150690 -0.000241425429

pentamer_randrand_train_1000-63
-382.036936749608 0.000000000000 0.000000000000
-381.939842496010 0.097094253598 0.097094253598
-381.935303195018 0.101633554590 0.004539300992
-381.935492435503 0.101444314105 -0.000189240484

pentamer_randrand_train_1000-64
-382.031558999978 0.000000000000 0.000000000000
-381.988418475258 0.043140524720 0.043140524720
-381.988112463294 0.043446536685 0.000306011964
-381.988160637615 0.043398362364 -0.000048174321

pentamer_randrand_train_1000-65
-382.029722276215 0.000000000000 0.000000000000
-381.858712599411 0.171009676804 0.171009676804
-381.863017675410 0.166704600805 -0.004305075999
-381.863309012088 0.166413264127 -0.000291336678

pentamer_randrand_train_1000-66
-382.027137838609 0.000000000000 0.000000000000
-382.046981897293 -0.019844058684 -0.019844058684
-382.046022217871 -0.018884379262 0.000959679422
-382.045929734588 -0.018791895979 0.000092483283

pentamer_randrand_train_1000-67
-382.033271146717 0.000000000000 0.000000000000
-381.983426800067 0.049844346650 0.049844346650
-381.982608461106 0.050662685611 0.000818338961
-381.982910801195 0.050360345522 -0.000302340089

pentamer_randrand_train_1000-68
-382.026435713316 0.000000000000 0.000000000000
-381.879241108139 0.147194605178 0.147194605178
-381.881741364556 0.144694348761 -0.002500256417
-381.880707131926 0.145728581391 0.001034232630

pentamer_randrand_train_1000-69
-382.035472206128 0.000000000000 0.000000000000
-382.038996335235 -0.003524129107 -0.003524129107
-382.037383109733 -0.001910903605 0.001613225502
-382.037390534404 -0.001918328277 -0.000007424671

pentamer_randrand_train_1000-70
-382.008073973772 0.000000000000 0.000000000000
-381.562473457794 0.445600515978 0.445600515978
-381.560326524360 0.447747449412 0.002146933434
-381.559225963136 0.448848010635 0.001100561223

pentamer_randrand_train_1000-71
-382.033622416892 0.000000000000 0.000000000000
-381.999273185323 0.034349231569 0.034349231569
-382.005050263473 0.028572153419 -0.005777078150
-382.004776007246 0.028846409646 0.000274256227

pentamer_randrand_train_1000-72
-382.030991373441 0.000000000000 0.000000000000
-381.644690452088 0.386300921353 0.386300921353
-381.653480641936 0.377510731505 -0.008790189848
-381.653571232206 0.377420141235 -0.000090590269

pentamer_randrand_train_1000-73
-382.032908760110 0.000000000000 0.000000000000
-381.797092011693 0.235816748417 0.235816748417
-381.802277415569 0.230631344541 -0.005185403876
-381.802430660491 0.230478099619 -0.000153244922

pentamer_randrand_train_1000-74
-382.039334811797 0.000000000000 0.000000000000
-381.810396708029 0.228938103768 0.228938103768
-381.828146021932 0.211188789865 -0.017749313903
-381.828706497766 0.210628314031 -0.000560475834

pentamer_randrand_train_1000-75
-382.035041758718 0.000000000000 0.000000000000
-382.042947838970 -0.007906080252 -0.007906080252
-382.042472541889 -0.007430783171 0.000475297081
-382.042487454654 -0.007445695936 -0.000014912765

pentamer_randrand_train_1000-76
-382.023443359066 0.000000000000 0.000000000000
-381.922018606539 0.101424752527 0.101424752527
-381.918959991864 0.104483367203 0.003058614675
-381.918931966217 0.104511392849 0.000028025646

pentamer_randrand_train_1000-77
-382.035868626426 0.000000000000 0.000000000000
-381.975166525348 0.060702101078 0.060702101078
-381.974902378524 0.060966247902 0.000264146824
-381.974935518366 0.060933108061 -0.000033139842

pentamer_randrand_train_1000-78
-382.037536481518 0.000000000000 0.000000000000
-381.873315335960 0.164221145558 0.164221145558
-381.882007323366 0.155529158152 -0.008691987406
-381.881842053206 0.155694428312 0.000165270160

pentamer_randrand_train_1000-79
-382.033076558780 0.000000000000 0.000000000000
-381.991255460040 0.041821098740 0.041821098740
-381.989894367453 0.043182191328 0.001361092587
-381.990086039382 0.042990519399 -0.000191671929

pentamer_randrand_train_1000-80
-382.027692340443 0.000000000000 0.000000000000
-381.984131196421 0.043561144022 0.043561144022
-381.983646036095 0.044046304348 0.000485160326
-381.983658083093 0.044034257350 -0.000012046998

pentamer_randrand_train_1000-81
-382.040894592097 0.000000000000 0.000000000000
-381.996789875480 0.044104716617 0.044104716617
-381.995000256825 0.045894335271 0.001789618655
-381.994768037259 0.046126554838 0.000232219566

pentamer_randrand_train_1000-82
-382.033011834385 0.000000000000 0.000000000000
-381.991478974015 0.041532860369 0.041532860369
-381.990236772345 0.042775062039 0.001242201670
-381.990730807918 0.042281026467 -0.000494035573

pentamer_randrand_train_1000-83
-382.033291530949 0.000000000000 0.000000000000
-381.931765842946 0.101525688003 0.101525688003
-381.931996313263 0.101295217685 -0.000230470317
-381.931996315547 0.101295215402 -0.000000002284

pentamer_randrand_train_1000-84
-382.029185770610 0.000000000000 0.000000000000
-381.935978094671 0.093207675939 0.093207675939
-381.932445424262 0.096740346348 0.003532670409
-381.932610144538 0.096575626072 -0.000164720276

pentamer_randrand_train_1000-85
-382.018619853619 0.000000000000 0.000000000000
-381.949240216616 0.069379637003 0.069379637003
-381.950379761212 0.068240092407 -0.001139544596
-381.950115304194 0.068504549426 0.000264457018

pentamer_randrand_train_1000-86
-382.026813704450 0.000000000000 0.000000000000
-381.863174185377 0.163639519073 0.163639519073
-381.860535058556 0.166278645894 0.002639126821
-381.860768339694 0.166045364756 -0.000233281138

pentamer_randrand_train_1000-87
-382.034266045367 0.000000000000 0.000000000000
-381.980325351004 0.053940694362 0.053940694362
-381.979996497929 0.054269547437 0.000328853075
-381.980027489559 0.054238555808 -0.000030991630

pentamer_randrand_train_1000-88
-382.032986783340 0.000000000000 0.000000000000
-381.952848767110 0.080138016230 0.080138016230
-381.954307124292 0.078679659048 -0.001458357182
-381.954266595909 0.078720187430 0.000040528382

pentamer_randrand_train_1000-89
-382.026850859781 0.000000000000 0.000000000000
-382.000272157218 0.026578702563 0.026578702563
-381.998594025983 0.028256833798 0.001678131234
-381.998644852935 0.028206006846 -0.000050826952

pentamer_randrand_train_1000-90
-382.026126308511 0.000000000000 0.000000000000
-381.934047468475 0.092078840036 0.092078840036
-381.930062222040 0.096064086471 0.003985246435
-381.930534106874 0.095592201637 -0.000471884834

pentamer_randrand_train_1000-91
-382.040974461676 0.000000000000 0.000000000000
-382.023561583256 0.017412878420 0.017412878420
-382.022933010249 0.018041451428 0.000628573007
-382.022815449333 0.018159012343 0.000117560915

pentamer_randrand_train_1000-92
-382.033336714874 0.000000000000 0.000000000000
-381.787893386305 0.245443328569 0.245443328569
-381.788968486690 0.244368228183 -0.001075100385
-381.788732900494 0.244603814380 0.000235586197

pentamer_randrand_train_1000-93
-382.033066036385 0.000000000000 0.000000000000
-381.677991000932 0.355075035453 0.355075035453
-381.668049467529 0.365016568856 0.009941533403
-381.668362702167 0.364703334218 -0.000313234638

pentamer_randrand_train_1000-94
-382.033807042518 0.000000000000 0.000000000000
-381.973793519415 0.060013523103 0.060013523103
-381.974350460042 0.059456582476 -0.000556940627
-381.974153297182 0.059653745336 0.000197162860

pentamer_randrand_train_1000-95
-382.029541105285 0.000000000000 0.000000000000
-381.880920572686 0.148620532600 0.148620532600
-381.879742173354 0.149798931931 0.001178399332
-381.879956560609 0.149584544676 -0.000214387255

pentamer_randrand_train_1000-96
-382.032678135942 0.000000000000 0.000000000000
-381.868875846672 0.163802289271 0.163802289271
-381.869629949000 0.163048186942 -0.000754102329
-381.869317369999 0.163360765943 0.000312579001

pentamer_randrand_train_1000-97
-382.025650483446 0.000000000000 0.000000000000
-382.017145958780 0.008504524666 0.008504524666
-382.017233893161 0.008416590285 -0.000087934381
-382.017259757061 0.008390726386 -0.000025863900

pentamer_randrand_train_1000-98
-382.023753351855 0.000000000000 0.000000000000
-381.866947573056 0.156805778799 0.156805778799
-381.864102280046 0.159651071809 0.002845293009
-381.863508479929 0.160244871926 0.000593800117

pentamer_randrand_train_1000-99
-382.028912612693 0.000000000000 0.000000000000
-382.040334335544 -0.011421722851 -0.011421722851
-382.041370994571 -0.012458381878 -0.001036659027
-382.041346028502 -0.012433415809 0.000024966069

pentamer_randrand_train_1000-100
-382.032820230673 0.000000000000 0.000000000000
-381.931917165315 0.100903065358 0.100903065358
-381.930248479511 0.102571751162 0.001668685804
-381.930265533278 0.102554697394 -0.000017053768

pentamer_randrand_train_1000-101
-382.031730171853 0.000000000000 0.000000000000
-381.898364396261 0.133365775592 0.133365775592
-381.899414422138 0.132315749715 -0.001050025877
-381.899220946368 0.132509225485 0.000193475770

pentamer_randrand_train_1000-102
-382.029819946996 0.000000000000 0.000000000000
-381.942840364028 0.086979582968 0.086979582968
-381.945765215080 0.084054731915 -0.002924851052
-381.945808916927 0.084011030068 -0.000043701847

pentamer_randrand_train_1000-103
-382.026931708107 0.000000000000 0.000000000000
-381.982055720183 0.044875987924 0.044875987924
-381.982190477818 0.044741230289 -0.000134757636
-381.982226376635 0.044705331473 -0.000035898816

pentamer_randrand_train_1000-104
-382.035881766128 0.000000000000 0.000000000000
-381.561402806024 0.474478960104 0.474478960104
-381.563952336257 0.471929429871 -0.002549530233
-381.564689220802 0.471192545327 -0.000736884544

pentamer_randrand_train_1000-105
-382.014866227382 0.000000000000 0.000000000000
-381.871314737864 0.143551489518 0.143551489518
-381.873139054926 0.141727172456 -0.001824317062
-381.873092584862 0.141773642520 0.000046470064

pentamer_randrand_train_1000-106
-382.034132872942 0.000000000000 0.000000000000
-381.731453100191 0.302679772751 0.302679772751
-381.735805332739 0.298327540203 -0.004352232548
-381.737916361551 0.296216511392 -0.002111028811

pentamer_randrand_train_1000-107
-382.032452529996 0.000000000000 0.000000000000
-381.987345127920 0.045107402076 0.045107402076
-381.985599735986 0.046852794010 0.001745391934
-381.985576260135 0.046876269861 0.000023475851

pentamer_randrand_train_1000-108
-382.029418269966 0.000000000000 0.000000000000
-381.837148090477 0.192270179488 0.192270179488
-381.840257735168 0.189160534797 -0.003109644691
-381.839964302698 0.189453967267 0.000293432470

pentamer_randrand_train_1000-109
-382.037292705093 0.000000000000 0.000000000000
-381.920713303320 0.116579401772 0.116579401772
-381.918348239568 0.118944465525 0.002365063753
-381.917761305369 0.119531399724 0.000586934199

pentamer_randrand_train_1000-110
-382.030828490461 0.000000000000 0.000000000000
-381.960984636253 0.069843854208 0.069843854208
-381.954071763702 0.076756726759 0.006912872551
-381.953730479068 0.077098011394 0.000341284635

pentamer_randrand_train_1000-111
-382.037845439338 0.000000000000 0.000000000000
-381.997405136539 0.040440302799 0.040440302799
-381.996366038793 0.041479400545 0.001039097746
-381.996249594540 0.041595844798 0.000116444253

pentamer_randrand_train_1000-112
-382.039275957191 0.000000000000 0.000000000000
-382.022763164872 0.016512792319 0.016512792319
-382.022440953413 0.016835003778 0.000322211459
-382.022421128047 0.016854829144 0.000019825367

pentamer_randrand_train_1000-113
-382.030512053750 0.000000000000 0.000000000000
-381.992540890554 0.037971163196 0.037971163196
-381.989449544359 0.041062509391 0.003091346195
-381.989697903840 0.040814149910 -0.000248359481

pentamer_randrand_train_1000-114
-382.032152406790 0.000000000000 0.000000000000
-381.935552859929 0.096599546862 0.096599546862
-381.933738544771 0.098413862019 0.001814315158
-381.933502763962 0.098649642828 0.000235780809

pentamer_randrand_train_1000-115
-382.029947840189 0.000000000000 0.000000000000
-381.913834188925 0.116113651264 0.116113651264
-381.913302941549 0.116644898640 0.000531247376
-381.913127033916 0.116820806273 0.000175907634

pentamer_randrand_train_1000-116
-382.035945435447 0.000000000000 0.000000000000
-382.010233818596 0.025711616851 0.025711616851
-382.008132074227 0.027813361219 0.002101744368
-382.008119996850 0.027825438597 0.000012077378

pentamer_randrand_train_1000-117
-382.034751904407 0.000000000000 0.000000000000
-382.028942682641 0.005809221767 0.005809221767
-382.025347509085 0.009404395322 0.003595173556
-382.025732553570 0.009019350838 -0.000385044485

pentamer_randrand_train_1000-118
-382.034460284256 0.000000000000 0.000000000000
-381.927066584964 0.107393699292 0.107393699292
-381.935807240490 0.098653043766 -0.008740655526
-381.935538703110 0.098921581146 0.000268537380

pentamer_randrand_train_1000-119
-382.032348717713 0.000000000000 0.000000000000
-381.933852374404 0.098496343310 0.098496343310
-381.935769188564 0.096579529149 -0.001916814161
-381.935685215563 0.096663502150 0.000083973001

pentamer_randrand_train_1000-120
-382.031799684278 0.000000000000 0.000000000000
-381.987201726644 0.044597957634 0.044597957634
-381.984254017928 0.047545666350 0.002947708716
-381.983548929858 0.048250754420 0.000705088070

pentamer_randrand_train_1000-121
-382.036059163377 0.000000000000 0.000000000000
-381.768729303428 0.267329859950 0.267329859950
-381.770637689580 0.265421473798 -0.001908386152
-381.770795691446 0.265263471931 -0.000158001866

pentamer_randrand_train_1000-122
-382.036427557818 0.000000000000 0.000000000000
-381.951921198384 0.084506359434 0.084506359434
-381.951209658556 0.085217899262 0.000711539827
-381.951287818414 0.085139739403 -0.000078159858

pentamer_randrand_train_1000-123
-382.038148539282 0.000000000000 0.000000000000
-381.668794268915 0.369354270367 0.369354270367
-381.691786728707 0.346361810576 -0.022992459791
-381.689663275560 0.348485263723 0.002123453147

pentamer_randrand_train_1000-124
-382.009355175986 0.000000000000 0.000000000000
-381.894209612655 0.115145563331 0.115145563331
-381.893906836320 0.115448339666 0.000302776335
-381.894740954022 0.114614221963 -0.000834117703

pentamer_randrand_train_1000-125
-382.032424058517 0.000000000000 0.000000000000
-381.986783896383 0.045640162134 0.045640162134
-381.985395423015 0.047028635502 0.001388473368
-381.985469512592 0.046954545925 -0.000074089577

pentamer_randrand_train_1000-126
-382.025384160097 0.000000000000 0.000000000000
-381.943536076450 0.081848083646 0.081848083646
-381.946985957072 0.078398203025 -0.003449880622
-381.946332570518 0.079051589579 0.000653386554

pentamer_randrand_train_1000-127
-382.033950009610 0.000000000000 0.000000000000
-382.041880834710 -0.007930825101 -0.007930825101
-382.041352283937 -0.007402274328 0.000528550773
-382.041201817300 -0.007251807691 0.000150466637

pentamer_randrand_train_1000-128
-382.034302581384 0.000000000000 0.000000000000
-381.949656083531 0.084646497853 0.084646497853
-381.946587555915 0.087715025469 0.003068527616
-381.946749632362 0.087552949022 -0.000162076447

pentamer_randrand_train_1000-129
-382.013354852180 0.000000000000 0.000000000000
-381.970143830467 0.043211021714 0.043211021714
-381.967828671596 0.045526180584 0.002315158870
-381.967751971141 0.045602881039 0.000076700455

pentamer_randrand_train_1000-130
-382.034638225890 0.000000000000 0.000000000000
-381.872545813804 0.162092412086 0.162092412086
-381.870627372951 0.164010852939 0.001918440853
-381.870584151094 0.164054074796 0.000043221857

pentamer_randrand_train_1000-131
-382.034239978779 0.000000000000 0.000000000000
-381.816094148707 0.218145830072 0.218145830072
-381.814163006550 0.220076972229 0.001931142157
-381.814521155454 0.219718823325 -0.000358148904

pentamer_randrand_train_1000-132
-382.032993477623 0.000000000000 0.000000000000
-381.899875017114 0.133118460509 0.133118460509
-381.899460552166 0.133532925456 0.000414464947
-381.899391234263 0.133602243360 0.000069317904

pentamer_randrand_train_1000-133
-382.037495287558 0.000000000000 0.000000000000
-381.504620828332 0.532874459226 0.532874459226
-381.518577690086 0.518917597472 -0.013956861754
-381.512894059339 0.524601228219 0.005683630747

pentamer_randrand_train_1000-134
-382.035803588836 0.000000000000 0.000000000000
-382.007695575886 0.028108012949 0.028108012949
-382.007284287149 0.028519301687 0.000411288737
-382.007367650104 0.028435938731 -0.000083362955

pentamer_randrand_train_1000-135
-382.019957577250 0.000000000000 0.000000000000
-382.019179424675 0.000778152575 0.000778152575
-382.017475093631 0.002482483619 0.001704331043
-382.017431484495 0.002526092755 0.000043609136

pentamer_randrand_train_1000-136
-382.035731950267 0.000000000000 0.000000000000
-381.941820308574 0.093911641693 0.093911641693
-381.941197906154 0.094534044113 0.000622402420
-381.941611023468 0.094120926800 -0.000413117314

pentamer_randrand_train_1000-137
-382.034576535826 0.000000000000 0.000000000000
-381.952442456171 0.082134079655 0.082134079655
-381.949566955927 0.085009579899 0.002875500244
-381.949678170142 0.084898365684 -0.000111214215

pentamer_randrand_train_1000-138
-382.035386973901 0.000000000000 0.000000000000
-381.882569940229 0.152817033672 0.152817033672
-381.882702042481 0.152684931419 -0.000132102253
-381.882774077723 0.152612896178 -0.000072035242

pentamer_randrand_train_1000-139
-382.031478525068 0.000000000000 0.000000000000
-381.962549490191 0.068929034877 0.068929034877
-381.959471596407 0.072006928661 0.003077893783
-381.959756216837 0.071722308231 -0.000284620430

pentamer_randrand_train_1000-140
-382.014287071542 0.000000000000 0.000000000000
-381.992480120721 0.021806950821 0.021806950821
-381.991247291993 0.023039779549 0.001232828728
-381.991166476183 0.023120595359 0.000080815809

pentamer_randrand_train_1000-141
-382.034496715180 0.000000000000 0.000000000000
-381.963897048450 0.070599666730 0.070599666730
-381.963240795593 0.071255919587 0.000656252857
-381.963306361230 0.071190353951 -0.000065565637

pentamer_randrand_train_1000-142
-382.026308568871 0.000000000000 0.000000000000
-381.931675380298 0.094633188573 0.094633188573
-381.930310526090 0.095998042781 0.001364854209
-381.930365543136 0.095943025735 -0.000055017046

pentamer_randrand_train_1000-143
-382.030821714326 0.000000000000 0.000000000000
-381.806123936400 0.224697777926 0.224697777926
-381.815347302082 0.215474412244 -0.009223365682
-381.815277279056 0.215544435269 0.000070023026

pentamer_randrand_train_1000-144
-382.031725299234 0.000000000000 0.000000000000
-381.698113008893 0.333612290340 0.333612290340
-381.715373059343 0.316352239891 -0.017260050449
-381.714342423941 0.317382875293 0.001030635402

pentamer_randrand_train_1000-145
-382.034744056185 0.000000000000 0.000000000000
-381.949471456852 0.085272599333 0.085272599333
-381.949344166386 0.085399889799 0.000127290466
-381.949391281951 0.085352774234 -0.000047115565

pentamer_randrand_train_1000-146
-382.033474951120 0.000000000000 0.000000000000
-381.799395337790 0.234079613330 0.234079613330
-381.808994005672 0.224480945448 -0.009598667882
-381.808972430771 0.224502520349 0.000021574901

pentamer_randrand_train_1000-147
-382.029970869854 0.000000000000 0.000000000000
-381.720808307012 0.309162562842 0.309162562842
-381.720134846204 0.309836023650 0.000673460807
-381.719673463740 0.310297406114 0.000461382464

pentamer_randrand_train_1000-148
-382.028015207519 0.000000000000 0.000000000000
-381.930606229875 0.097408977644 0.097408977644
-381.931782493858 0.096232713661 -0.001176263983
-381.931842463879 0.096172743640 -0.000059970021

pentamer_randrand_train_1000-149
-382.027366662356 0.000000000000 0.000000000000
-382.012809417765 0.014557244591 0.014557244591
-382.012958665927 0.014407996430 -0.000149248162
-382.012953171360 0.014413490997 0.000005494567

pentamer_randrand_train_1000-150
-382.028377330023 0.000000000000 0.000000000000
-381.955927706275 0.072449623748 0.072449623748
-381.954736738028 0.073640591995 0.001190968247
-381.954716239974 0.073661090048 0.000020498054

pentamer_randrand_train_1000-151
-382.035862727287 0.000000000000 0.000000000000
-381.851255201544 0.184607525743 0.184607525743
-381.861215035008 0.174647692279 -0.009959833464
-381.861323617862 0.174539109425 -0.000108582854

pentamer_randrand_train_1000-152
-382.041204555514 0.000000000000 0.000000000000
-382.008444662745 0.032759892769 0.032759892769
-382.003309014540 0.037895540975 0.005135648205
-382.003078381273 0.038126174241 0.000230633266

pentamer_randrand_train_1000-153
-382.026165264788 0.000000000000 0.000000000000
-381.781429211125 0.244736053664 0.244736053664
-381.791955112505 0.234210152283 -0.010525901380
-381.791665149361 0.234500115427 0.000289963144

pentamer_randrand_train_1000-154
-382.020349548539 0.000000000000 0.000000000000
-381.989471753006 0.030877795533 0.030877795533
-381.988935877756 0.031413670784 0.000535875250
-381.988724815912 0.031624732628 0.000211061844

pentamer_randrand_train_1000-155
-382.031912563718 0.000000000000 0.000000000000
-381.867941875328 0.163970688390 0.163970688390
-381.871118410861 0.160794152857 -0.003176535533
-381.870565614035 0.161346949683 0.000552796826

pentamer_randrand_train_1000-156
-382.034145514054 0.000000000000 0.000000000000
-381.887634077050 0.146511437004 0.146511437004
-381.894735422955 0.139410091099 -0.007101345905
-381.894440045640 0.139705468414 0.000295377315

pentamer_randrand_train_1000-157
-382.040277442431 0.000000000000 0.000000000000
-382.010787228976 0.029490213454 0.029490213454
-382.012848733531 0.027428708899 -0.002061504555
-382.012821620713 0.027455821718 0.000027112818

pentamer_randrand_train_1000-158
-382.023218751227 0.000000000000 0.000000000000
-381.835681279409 0.187537471818 0.187537471818
-381.851088743172 0.172130008056 -0.015407463762
-381.850205769931 0.173012981296 0.000882973241

pentamer_randrand_train_1000-159
-382.030361218565 0.000000000000 0.000000000000
-381.845320789013 0.185040429552 0.185040429552
-381.843648248847 0.186712969719 0.001672540166
-381.843850298583 0.186510919982 -0.000202049736

pentamer_randrand_train_1000-160
-382.037229785995 0.000000000000 0.000000000000
-381.989242056672 0.047987729323 0.047987729323
-381.989531569091 0.047698216904 -0.000289512419
-381.989427722033 0.047802063962 0.000103847058

pentamer_randrand_train_1000-161
-382.040161029246 0.000000000000 0.000000000000
-381.812691583126 0.227469446121 0.227469446121
-381.818167713957 0.221993315289 -0.005476130831
-381.816933764044 0.223227265203 0.001233949914

pentamer_randrand_train_1000-162
-382.036094666225 0.000000000000 0.000000000000
-382.011480218010 0.024614448215 0.024614448215
-382.010841928088 0.025252738137 0.000638289922
-382.010856188484 0.025238477741 -0.000014260396

pentamer_randrand_train_1000-163
-382.032841666071 0.000000000000 0.000000000000
-381.959488813684 0.073352852387 0.073352852387
-381.960208340944 0.072633325127 -0.000719527260
-381.959970158641 0.072871507430 0.000238182303

pentamer_randrand_train_1000-164
-382.022091557693 0.000000000000 0.000000000000
-381.820198557874 0.201892999819 0.201892999819
-381.814371064409 0.207720493284 0.005827493465
-381.814206993802 0.207884563891 0.000164070607

pentamer_randrand_train_1000-165
-382.023601449137 0.000000000000 0.000000000000
-381.758996653869 0.264604795268 0.264604795268
-381.753756907504 0.269844541633 0.005239746365
-381.754433571355 0.269167877782 -0.000676663851

pentamer_randrand_train_1000-166
-382.033844055090 0.000000000000 0.000000000000
-381.850261675352 0.183582379738 0.183582379738
-381.850591628687 0.183252426403 -0.000329953335
-381.850559704953 0.183284350137 0.000031923734

pentamer_randrand_train_1000-167
-382.034330568633 0.000000000000 0.000000000000
-382.030681269332 0.003649299300 0.003649299300
-382.030633924360 0.003696644273 0.000047344972
-382.030613337946 0.003717230686 0.000020586414

pentamer_randrand_train_1000-168
-382.038870518818 0.000000000000 0.000000000000
-382.044333980743 -0.005463461924 -0.005463461924
-382.043628283424 -0.004757764606 0.000705697319
-382.043621469353 -0.004750950535 0.000006814071

pentamer_randrand_train_1000-169
-382.032155918794 0.000000000000 0.000000000000
-381.879743439487 0.152412479307 0.152412479307
-381.879207325837 0.152948592957 0.000536113650
-381.879147735051 0.153008183743 0.000059590786

pentamer_randrand_train_1000-170
-382.032399661368 0.000000000000 0.000000000000
-381.917057924621 0.115341736747 0.115341736747
-381.915501664835 0.116897996534 0.001556259786
-381.915827160552 0.116572500816 -0.000325495718

pentamer_randrand_train_1000-171
-382.034678390681 0.000000000000 0.000000000000
-381.785763382345 0.248915008336 0.248915008336
-381.793669168970 0.241009221711 -0.007905786625
-381.794442000605 0.240236390076 -0.000772831635

pentamer_randrand_train_1000-172
-382.036601301207 0.000000000000 0.000000000000
-381.919770627870 0.116830673337 0.116830673337
-381.911689338894 0.124911962313 0.008081288976
-381.912055378440 0.124545922767 -0.000366039546

pentamer_randrand_train_1000-173
-382.022193967261 0.000000000000 0.000000000000
-381.966361889023 0.055832078237 0.055832078237
-381.965623594671 0.056570372590 0.000738294352
-381.965763314501 0.056430652760 -0.000139719830

pentamer_randrand_train_1000-174
-382.033449787052 0.000000000000 0.000000000000
-382.008480334116 0.024969452936 0.024969452936
-382.007403446668 0.026046340384 0.001076887448
-382.007375287361 0.026074499691 0.000028159307

pentamer_randrand_train_1000-175
-382.029897159175 0.000000000000 0.000000000000
-381.660682555330 0.369214603845 0.369214603845
-381.653552261540 0.376344897635 0.007130293790
-381.655930873064 0.373966286112 -0.002378611524

pentamer_randrand_train_1000-176
-382.031096145199 0.000000000000 0.000000000000
-381.867316666049 0.163779479150 0.163779479150
-381.866489103333 0.164607041867 0.000827562716
-381.866235269829 0.164860875370 0.000253833504

pentamer_randrand_train_1000-177
-382.042535237840 0.000000000000 0.000000000000
-381.920675345185 0.121859892654 0.121859892654
-381.916861357160 0.125673880679 0.003813988025
-381.916982389446 0.125552848394 -0.000121032286

pentamer_randrand_train_1000-178
-382.026622659774 0.000000000000 0.000000000000
-381.829447896253 0.197174763521 0.197174763521
-381.825506235416 0.201116424358 0.003941660837
-381.825956530079 0.200666129695 -0.000450294663

pentamer_randrand_train_1000-179
-382.013680656308 0.000000000000 0.000000000000
-381.799224234894 0.214456421415 0.214456421415
-381.798401046717 0.215279609592 0.000823188177
-381.798612220873 0.215068435435 -0.000211174157

pentamer_randrand_train_1000-180
-382.030995860587 0.000000000000 0.000000000000
-382.008993220018 0.022002640569 0.022002640569
-382.008023651620 0.022972208967 0.000969568398
-382.008044271273 0.022951589314 -0.000020619653

pentamer_randrand_train_1000-181
-382.027953257511 0.000000000000 0.000000000000
-381.890962138261 0.136991119251 0.136991119251
-381.890095445616 0.137857811895 0.000866692644
-381.891594905995 0.136358351516 -0.001499460379

pentamer_randrand_train_1000-182
-382.037426371446 0.000000000000 0.000000000000
-382.007633504096 0.029792867350 0.029792867350
-382.007162231746 0.030264139700 0.000471272350
-382.007052265984 0.030374105463 0.000109965763

pentamer_randrand_train_1000-183
-382.026968401829 0.000000000000 0.000000000000
-381.878864077400 0.148104324429 0.148104324429
-381.879987939169 0.146980462660 -0.001123861769
-381.879576869375 0.147391532454 0.000411069794

pentamer_randrand_train_1000-184
-382.039128742257 0.000000000000 0.000000000000
-381.971775481596 0.067353260662 0.067353260662
-381.969127549270 0.070001192987 0.002647932326
-381.969272776610 0.069855965648 -0.000145227340

pentamer_randrand_train_1000-185
-382.032321779593 0.000000000000 0.000000000000
-381.932253771966 0.100068007627 0.100068007627
-381.930779473456 0.101542306137 0.001474298510
-381.930799947914 0.101521831679 -0.000020474458

pentamer_randrand_train_1000-186
-382.027348072488 0.000000000000 0.000000000000
-381.968331677331 0.059016395157 0.059016395157
-381.967732972330 0.059615100157 0.000598705001
-381.967440809234 0.059907263254 0.000292163096

pentamer_randrand_train_1000-187
-382.028649666810 0.000000000000 0.000000000000
-381.905108040576 0.123541626234 0.123541626234
-381.903328007529 0.125321659281 0.001780033047
-381.903399371884 0.125250294926 -0.000071364355

pentamer_randrand_train_1000-188
-382.029965759264 0.000000000000 0.000000000000
-381.778619987608 0.251345771656 0.251345771656
-381.780253449823 0.249712309441 -0.001633462215
-381.780203183969 0.249762575295 0.000050265854

pentamer_randrand_train_1000-189
-382.029198230686 0.000000000000 0.000000000000
-382.036619310185 -0.007421079499 -0.007421079499
-382.035241100031 -0.006042869345 0.001378210154
-382.035171165519 -0.005972934832 0.000069934513

pentamer_randrand_train_1000-190
-382.027756386413 0.000000000000 0.000000000000
-381.987422366061 0.040334020352 0.040334020352
-381.990438322014 0.037318064399 -0.003015955953
-381.990430435866 0.037325950547 0.000007886148

pentamer_randrand_train_1000-191
-382.033449072326 0.000000000000 0.000000000000
-381.969297083022 0.064151989304 0.064151989304
-381.965644253016 0.067804819310 0.003652830005
-381.965731590938 0.067717481388 -0.000087337922

pentamer_randrand_train_1000-192
-382.025187372530 0.000000000000 0.000000000000
-382.014645919594 0.010541452936 0.010541452936
-382.014394876265 0.010792496265 0.000251043329
-382.014353553048 0.010833819482 0.000041323218

pentamer_randrand_train_1000-193
-382.031293667293 0.000000000000 0.000000000000
-381.740282197448 0.291011469845 0.291011469845
-381.776660509365 0.254633157928 -0.036378311917
-381.776798232407 0.254495434885 -0.000137723042

pentamer_randrand_train_1000-194
-382.032804288887 0.000000000000 0.000000000000
-381.839548488547 0.193255800340 0.193255800340
-381.844574843643 0.188229445244 -0.005026355096
-381.844116531696 0.188687757192 0.000458311947

pentamer_randrand_train_1000-195
-382.029076945960 0.000000000000 0.000000000000
-381.975921181342 0.053155764618 0.053155764618
-381.973838261331 0.055238684629 0.002082920010
-381.973627256652 0.055449689309 0.000211004680

pentamer_randrand_train_1000-196
-382.029757268562 0.000000000000 0.000000000000
-382.029369896645 0.000387371916 0.000387371916
-382.029615831611 0.000141436951 -0.000245934965
-382.029644472254 0.000112796308 -0.000028640643

pentamer_randrand_train_1000-197
-382.022599884500 0.000000000000 0.000000000000
-381.792778171535 0.229821712965 0.229821712965
-381.795883771303 0.226716113197 -0.003105599768
-381.795598377852 0.227001506648 0.000285393451

pentamer_randrand_train_1000-198
-382.030785978018 0.000000000000 0.000000000000
-381.583602844170 0.447183133848 0.447183133848
-381.628969447721 0.401816530297 -0.045366603551
-381.628681179242 0.402104798777 0.000288268479

pentamer_randrand_train_1000-199
-382.036498488693 0.000000000000 0.000000000000
-381.946598037350 0.089900451343 0.089900451343
-381.946993372941 0.089505115752 -0.000395335592
-381.947906792023 0.088591696670 -0.000913419082

pentamer_randrand_train_1000-200
-382.031000760536 0.000000000000 0.000000000000
-382.013440957906 0.017559802631 0.017559802631
-382.014698825836 0.016301934700 -0.001257867931
-382.014602849393 0.016397911143 0.000095976444

pentamer_randrand_train_1000-201
-382.023428530072 0.000000000000 0.000000000000
-382.021755632727 0.001672897345 0.001672897345
-382.022005699150 0.001422830922 -0.000250066423
-382.021988870413 0.001439659659 0.000016828737

pentamer_randrand_train_1000-202
-382.035481891418 0.000000000000 0.000000000000
-382.007495186394 0.027986705025 0.027986705025
-382.007172316673 0.028309574745 0.000322869721
-382.007060881799 0.028421009620 0.000111434874

pentamer_randrand_train_1000-203
-382.032555926102 0.000000000000 0.000000000000
-382.020797294617 0.011758631485 0.011758631485
-382.017341321565 0.015214604536 0.003455973052
-382.017470451026 0.015085475076 -0.000129129461

pentamer_randrand_train_1000-204
-382.032924236016 0.000000000000 0.000000000000
-382.034833881353 -0.001909645336 -0.001909645336
-382.034029783084 -0.001105547068 0.000804098269
-382.034030069011 -0.001105832995 -0.000000285927

pentamer_randrand_train_1000-205
-382.022062383751 0.000000000000 0.000000000000
-381.923826473673 0.098235910078 0.098235910078
-381.922748728337 0.099313655413 0.001077745336
-381.922941226109 0.099121157641 -0.000192497772

pentamer_randrand_train_1000-206
-382.040346542067 0.000000000000 0.000000000000
-381.596137282775 0.444209259293 0.444209259293
-381.606587259013 0.433759283054 -0.010449976239
-381.597461247358 0.442885294710 0.009126011656

pentamer_randrand_train_1000-207
-382.029614097460 0.000000000000 0.000000000000
-381.845748088650 0.183866008810 0.183866008810
-381.848535095968 0.181079001492 -0.002787007318
-381.849409183356 0.180204914105 -0.000874087388

pentamer_randrand_train_1000-208
-382.040053970400 0.000000000000 0.000000000000
-381.771574860605 0.268479109795 0.268479109795
-381.784804498052 0.255249472348 -0.013229637447
-381.783276126423 0.256777843977 0.001528371629

pentamer_randrand_train_1000-209
-382.034929986785 0.000000000000 0.000000000000
-381.816342904476 0.218587082309 0.218587082309
-381.813243402564 0.221686584221 0.003099501912
-381.813025428852 0.221904557933 0.000217973712

pentamer_randrand_train_1000-210
-382.025204945932 0.000000000000 0.000000000000
-382.023304174079 0.001900771853 0.001900771853
-382.022045784462 0.003159161469 0.001258389617
-382.022104785878 0.003100160053 -0.000059001416

pentamer_randrand_train_1000-211
-382.032198371191 0.000000000000 0.000000000000
-381.849216313835 0.182982057356 0.182982057356
-381.848039117335 0.184159253856 0.001177196500
-381.847984079999 0.184214291192 0.000055037336

pentamer_randrand_train_1000-212
-382.033878492357 0.000000000000 0.000000000000
-382.036773131132 -0.002894638774 -0.002894638774
-382.036315406305 -0.002436913948 0.000457724826
-382.036399731703 -0.002521239345 -0.000084325397

pentamer_randrand_train_1000-213
-382.032042351500 0.000000000000 0.000000000000
-381.958278118740 0.073764232759 0.073764232759
-381.956004979452 0.076037372047 0.002273139288
-381.956477481303 0.075564870196 -0.000472501851

pentamer_randrand_train_1000-214
-382.025919709481 0.000000000000 0.000000000000
-382.006783522064 0.019136187416 0.019136187416
-382.005401725444 0.020517984036 0.001381796620
-382.005555287846 0.020364421634 -0.000153562402

pentamer_randrand_train_1000-215
-382.012755160703 0.000000000000 0.000000000000
-381.988816248314 0.023938912389 0.023938912389
-381.988498887820 0.024256272883 0.000317360494
-381.988459076115 0.024296084588 0.000039811705

pentamer_randrand_train_1000-216
-382.034688865507 0.000000000000 0.000000000000
-381.986148214770 0.048540650738 0.048540650738
-381.988023971897 0.046664893611 -0.001875757127
-381.987970959993 0.046717905515 0.000053011904

pentamer_randrand_train_1000-217
-382.025114065490 0.000000000000 0.000000000000
-381.998629162514 0.026484902976 0.026484902976
-381.998408091531 0.026705973959 0.000221070983
-381.998424897078 0.026689168412 -0.000016805547

pentamer_randrand_train_1000-218
-382.036491018720 0.000000000000 0.000000000000
-381.954928404457 0.081562614264 0.081562614264
-381.954629052778 0.081861965943 0.000299351679
-381.954566933573 0.081924085147 0.000062119205

pentamer_randrand_train_1000-219
-382.033539952006 0.000000000000 0.000000000000
-381.924372654280 0.109167297726 0.109167297726
-381.926859005093 0.106680946912 -0.002486350813
-381.926858591169 0.106681360836 0.000000413924

pentamer_randrand_train_1000-220
-382.034063457659 0.000000000000 0.000000000000
-381.944014619775 0.090048837884 0.090048837884
-381.943406800085 0.090656657574 0.000607819690
-381.943867468553 0.090195989106 -0.000460668468

pentamer_randrand_train_1000-221
-382.039420795284 0.000000000000 0.000000000000
-381.786258220345 0.253162574939 0.253162574939
-381.788182175692 0.251238619592 -0.001923955347
-381.788745703631 0.250675091653 -0.000563527939

pentamer_randrand_train_1000-222
-382.012986315591 0.000000000000 0.000000000000
-381.808595000874 0.204391314718 0.204391314718
-381.812502844037 0.200483471554 -0.003907843164
-381.811386694513 0.201599621078 0.001116149524

pentamer_randrand_train_1000-223
-382.033692790421 0.000000000000 0.000000000000
-381.839218090130 0.194474700290 0.194474700290
-381.837599523842 0.196093266579 0.001618566288
-381.837469525565 0.196223264856 0.000129998277

pentamer_randrand_train_1000-224
-382.034338008443 0.000000000000 0.000000000000
-381.945338045013 0.088999963429 0.088999963429
-381.940968478748 0.093369529694 0.004369566265
-381.941241198584 0.093096809859 -0.000272719835

pentamer_randrand_train_1000-225
-382.025765577593 0.000000000000 0.000000000000
-381.979764113124 0.046001464469 0.046001464469
-381.980483279914 0.045282297679 -0.000719166790
-381.980422850160 0.045342727433 0.000060429754

pentamer_randrand_train_1000-226
-382.031191807285 0.000000000000 0.000000000000
-381.841823498434 0.189368308851 0.189368308851
-381.849911578837 0.181280228448 -0.008088080403
-381.849633923095 0.181557884190 0.000277655743

pentamer_randrand_train_1000-227
-382.029161719936 0.000000000000 0.000000000000
-381.973627419824 0.055534300112 0.055534300112
-381.972756843296 0.056404876640 0.000870576528
-381.972654944081 0.056506775855 0.000101899215

pentamer_randrand_train_1000-228
-382.029908431795 0.000000000000 0.000000000000
-382.028658247201 0.001250184595 0.001250184595
-382.024683344001 0.005225087795 0.003974903200
-382.024327997224 0.005580434571 0.000355346776

pentamer_randrand_train_1000-229
-382.033272506244 0.000000000000 0.000000000000
-382.020356938841 0.012915567403 0.012915567403
-382.017935479604 0.015337026640 0.002421459237
-382.017970756995 0.015301749249 -0.000035277390

pentamer_randrand_train_1000-230
-382.039130307797 0.000000000000 0.000000000000
-381.983556739242 0.055573568555 0.055573568555
-381.982614330059 0.056515977739 0.000942409184
-381.982465054312 0.056665253485 0.000149275747

pentamer_randrand_train_1000-231
-382.036865986752 0.000000000000 0.000000000000
-382.006219250484 0.030646736268 0.030646736268
-382.004303912897 0.032562073855 0.001915337587
-382.004435409641 0.032430577111 -0.000131496744

pentamer_randrand_train_1000-232
-382.020715364904 0.000000000000 0.000000000000
-381.817375036101 0.203340328803 0.203340328803
-381.816081088726 0.204634276178 0.001293947375
-381.815642346957 0.205073017947 0.000438741769

pentamer_randrand_train_1000-233
-382.019509348376 0.000000000000 0.000000000000
-381.871493307999 0.148016040377 0.148016040377
-381.863857950209 0.155651398166 0.007635357789
-381.865090560918 0.154418787457 -0.001232610709

pentamer_randrand_train_1000-234
-382.037162692256 0.000000000000 0.000000000000
-381.788818825645 0.248343866611 0.248343866611
-381.794831807215 0.242330885042 -0.006012981569
-381.794883853980 0.242278838276 -0.000052046766

pentamer_randrand_train_1000-235
-382.028475986814 0.000000000000 0.000000000000
-381.996391903163 0.032084083651 0.032084083651
-381.995352497853 0.033123488961 0.001039405310
-381.995269365924 0.033206620890 0.000083131929

pentamer_randrand_train_1000-236
-382.031821002096 0.000000000000 0.000000000000
-381.917057762655 0.114763239442 0.114763239442
-381.917764977468 0.114056024629 -0.000707214813
-381.917618263950 0.114202738146 0.000146713517

pentamer_randrand_train_1000-237
-382.026411695500 0.000000000000 0.000000000000
-381.940427343726 0.085984351774 0.085984351774
-381.943482097098 0.082929598402 -0.003054753372
-381.943454689445 0.082957006054 0.000027407652

pentamer_randrand_train_1000-238
-382.036577538840 0.000000000000 0.000000000000
-381.964580701587 0.071996837252 0.071996837252
-381.964579133156 0.071998405684 0.000001568432
-381.964623214769 0.071954324071 -0.000044081613

pentamer_randrand_train_1000-239
-382.028519441709 0.000000000000 0.000000000000
-382.025459346533 0.003060095176 0.003060095176
-382.024294098256 0.004225343453 0.001165248277
-382.024485593387 0.004033848323 -0.000191495131

pentamer_randrand_train_1000-240
-382.033754462834 0.000000000000 0.000000000000
-381.939342081442 0.094412381393 0.094412381393
-381.940363304270 0.093391158564 -0.001021222828
-381.940581188921 0.093173273913 -0.000217884651

pentamer_randrand_train_1000-241
-382.030165403579 0.000000000000 0.000000000000
-381.925078707164 0.105086696416 0.105086696416
-381.926856675125 0.103308728454 -0.001777967962
-381.926806235326 0.103359168253 0.000050439799

pentamer_randrand_train_1000-242
-382.026033415295 0.000000000000 0.000000000000
-381.970317140724 0.055716274570 0.055716274570
-381.970884648372 0.055148766923 -0.000567507648
-381.970716952243 0.055316463051 0.000167696129

pentamer_randrand_train_1000-243
-382.031139013499 0.000000000000 0.000000000000
-381.997024602901 0.034114410598 0.034114410598
-381.995532046028 0.035606967471 0.001492556873
-381.995477264704 0.035661748795 0.000054781324

pentamer_randrand_train_1000-244
-382.030307028202 0.000000000000 0.000000000000
-381.684251412254 0.346055615948 0.346055615948
-381.691669746305 0.338637281897 -0.007418334051
-381.692074038351 0.338232989850 -0.000404292047

pentamer_randrand_train_1000-245
-382.029192934107 0.000000000000 0.000000000000
-382.004572528113 0.024620405994 0.024620405994
-382.007240994305 0.021951939802 -0.002668466192
-382.007133279053 0.022059655054 0.000107715252

pentamer_randrand_train_1000-246
-382.033139944960 0.000000000000 0.000000000000
-381.894582838042 0.138557106918 0.138557106918
-381.899592063038 0.133547881922 -0.005009224996
-381.899768274301 0.133371670659 -0.000176211263

pentamer_randrand_train_1000-247
-382.031780960209 0.000000000000 0.000000000000
-381.782725086182 0.249055874028 0.249055874028
-381.786432137327 0.245348822882 -0.003707051145
-381.786582522275 0.245198437934 -0.000150384948

pentamer_randrand_train_1000-248
-382.034739002267 0.000000000000 0.000000000000
-381.800776626431 0.233962375836 0.233962375836
-381.814639019437 0.220099982830 -0.013862393006
-381.814054124748 0.220684877519 0.000584894689

pentamer_randrand_train_1000-249
-382.036123713604 0.000000000000 0.000000000000
-381.981288607740 0.054835105863 0.054835105863
-381.978029505039 0.058094208565 0.003259102702
-381.978289217357 0.057834496246 -0.000259712318

pentamer_randrand_train_1000-250
-382.030782746035 0.000000000000 0.000000000000
-381.636385445237 0.394397300798 0.394397300798
-381.681954129650 0.348828616384 -0.045568684414
-381.679540633412 0.351242112622 0.002413496238

pentamer_randrand_train_1000-251
-382.031386861765 0.000000000000 0.000000000000
-381.953725716351 0.077661145414 0.077661145414
-381.950255347120 0.081131514644 0.003470369231
-381.950603097815 0.080783763949 -0.000347750695

pentamer_randrand_train_1000-252
-382.033235103678 0.000000000000 0.000000000000
-381.917344102688 0.115891000990 0.115891000990
-381.911769298775 0.121465804903 0.005574803913
-381.911992035869 0.121243067810 -0.000222737094

pentamer_randrand_train_1000-253
-382.026495747517 0.000000000000 0.000000000000
-381.811268787726 0.215226959791 0.215226959791
-381.817047599357 0.209448148160 -0.005778811631
-381.819890781798 0.206604965719 -0.002843182441

pentamer_randrand_train_1000-254
-382.024098300634 0.000000000000 0.000000000000
-381.832646640314 0.191451660320 0.191451660320
-381.846510638009 0.177587662625 -0.013863997695
-381.846330249150 0.177768051485 0.000180388860

pentamer_randrand_train_1000-255
-382.037623468198 0.000000000000 0.000000000000
-381.991810370993 0.045813097205 0.045813097205
-381.986807741174 0.050815727024 0.005002629819
-381.987313522029 0.050309946170 -0.000505780855

pentamer_randrand_train_1000-256
-382.028380993963 0.000000000000 0.000000000000
-381.827908875863 0.200472118099 0.200472118099
-381.839508658862 0.188872335101 -0.011599782998
-381.839005086429 0.189375907533 0.000503572432

pentamer_randrand_train_1000-257
-382.030909049261 0.000000000000 0.000000000000
-381.742969713973 0.287939335288 0.287939335288
-381.742877351426 0.288031697835 0.000092362547
-381.741088432044 0.289820617217 0.001788919382

pentamer_randrand_train_1000-258
-382.038445100675 0.000000000000 0.000000000000
-381.962173790735 0.076271309940 0.076271309940
-381.960125860845 0.078319239830 0.002047929890
-381.960175373481 0.078269727194 -0.000049512636

pentamer_randrand_train_1000-259
-382.036289967774 0.000000000000 0.000000000000
-381.919484389580 0.116805578195 0.116805578195
-381.917583222984 0.118706744790 0.001901166595
-381.917630388023 0.118659579752 -0.000047165038

pentamer_randrand_train_1000-260
-382.035575369920 0.000000000000 0.000000000000
-381.899477465039 0.136097904880 0.136097904880
-381.896339725742 0.139235644178 0.003137739297
-381.897145049042 0.138430320878 -0.000805323300

pentamer_randrand_train_1000-261
-382.022293018703 0.000000000000 0.000000000000
-381.958982038364 0.063310980339 0.063310980339
-381.962255582062 0.060037436641 -0.003273543698
-381.962272447520 0.060020571184 -0.000016865458

pentamer_randrand_train_1000-262
-382.036495867628 0.000000000000 0.000000000000
-381.833204520593 0.203291347035 0.203291347035
-381.828285192194 0.208210675433 0.004919328398
-381.828924733588 0.207571134040 -0.000639541394

pentamer_randrand_train_1000-263
-382.031139215511 0.000000000000 0.000000000000
-382.011756621992 0.019382593518 0.019382593518
-382.012449678052 0.018689537458 -0.000693056060
-382.012520331284 0.018618884226 -0.000070653232

pentamer_randrand_train_1000-264
-382.036281162122 0.000000000000 0.000000000000
-381.994649444987 0.041631717135 0.041631717135
-381.995089977809 0.041191184313 -0.000440532821
-381.995216241601 0.041064920521 -0.000126263792

pentamer_randrand_train_1000-265
-382.022006289997 0.000000000000 0.000000000000
-382.005758600753 0.016247689244 0.016247689244
-382.005243865454 0.016762424544 0.000514735299
-382.005272355456 0.016733934541 -0.000028490003

pentamer_randrand_train_1000-266
-382.032053065000 0.000000000000 0.000000000000
-381.947083216417 0.084969848583 0.084969848583
-381.946556341087 0.085496723913 0.000526875330
-381.946258987940 0.085794077060 0.000297353147

pentamer_randrand_train_1000-267
-382.032072340879 0.000000000000 0.000000000000
-381.773424858504 0.258647482375 0.258647482375
-381.778280937567 0.253791403312 -0.004856079063
-381.778214237459 0.253858103420 0.000066700108

pentamer_randrand_train_1000-268
-382.033836563627 0.000000000000 0.000000000000
-382.009676146108 0.024160417519 0.024160417519
-382.008341494801 0.025495068827 0.001334651308
-382.008199027235 0.025637536392 0.000142467565

pentamer_randrand_train_1000-269
-382.039623770727 0.000000000000 0.000000000000
-381.815437922526 0.224185848201 0.224185848201
-381.816867417061 0.222756353666 -0.001429494535
-381.816622631198 0.223001139529 0.000244785863

pentamer_randrand_train_1000-270
-382.019773380929 0.000000000000 0.000000000000
-381.896391679938 0.123381700991 0.123381700991
-381.899609608673 0.120163772256 -0.003217928735
-381.900093095965 0.119680284963 -0.000483487293

pentamer_randrand_train_1000-271
-382.029843664106 0.000000000000 0.000000000000
-381.956098920022 0.073744744084 0.073744744084
-381.955593709520 0.074249954586 0.000505210503
-381.955579031193 0.074264632913 0.000014678327

pentamer_randrand_train_1000-272
-382.034301356543 0.000000000000 0.000000000000
-381.987358527780 0.046942828763 0.046942828763
-381.987371581109 0.046929775434 -0.000013053329
-381.987083851890 0.047217504653 0.000287729219

pentamer_randrand_train_1000-273
-382.037745264155 0.000000000000 0.000000000000
-381.993045755711 0.044699508444 0.044699508444
-381.989844224909 0.047901039246 0.003201530802
-381.990019555675 0.047725708480 -0.000175330766

pentamer_randrand_train_1000-274
-382.026496454553 0.000000000000 0.000000000000
-381.756783008191 0.269713446362 0.269713446362
-381.754018521433 0.272477933120 0.002764486758
-381.754614004128 0.271882450425 -0.000595482695

pentamer_randrand_train_1000-275
-382.031059233920 0.000000000000 0.000000000000
-381.884289941872 0.146769292049 0.146769292049
-381.890597469812 0.140461764108 -0.006307527940
-381.890239727246 0.140819506674 0.000357742566

pentamer_randrand_train_1000-276
-382.036738752278 0.000000000000 0.000000000000
-381.923894566115 0.112844186164 0.112844186164
-381.924034221892 0.112704530386 -0.000139655778
-381.924662794665 0.112075957613 -0.000628572773

pentamer_randrand_train_1000-277
-382.036361613212 0.000000000000 0.000000000000
-381.826976890224 0.209384722988 0.209384722988
-381.832019980356 0.204341632856 -0.005043090132
-381.832682096787 0.203679516425 -0.000662116431

pentamer_randrand_train_1000-278
-382.033728981094 0.000000000000 0.000000000000
-381.735752479537 0.297976501556 0.297976501556
-381.758456097702 0.275272883392 -0.022703618164
-381.759038529701 0.274690451393 -0.000582431999

pentamer_randrand_train_1000-279
-382.033749599412 0.000000000000 0.000000000000
-381.957286087976 0.076463511435 0.076463511435
-381.959626737862 0.074122861550 -0.002340649885
-381.959497250044 0.074252349367 0.000129487818

pentamer_randrand_train_1000-280
-382.027470232143 0.000000000000 0.000000000000
-381.645211086633 0.382259145510 0.382259145510
-381.674414817168 0.353055414975 -0.029203730534
-381.674440084318 0.353030147825 -0.000025267150

pentamer_randrand_train_1000-281
-382.031588115339 0.000000000000 0.000000000000
-381.982372076105 0.049216039234 0.049216039234
-381.978715616369 0.052872498970 0.003656459736
-381.979017962357 0.052570152983 -0.000302345988

pentamer_randrand_train_1000-282
-382.032860223874 0.000000000000 0.000000000000
-382.011802117054 0.021058106820 0.021058106820
-382.010046102949 0.022814120925 0.001756014105
-382.010124319104 0.022735904770 -0.000078216155

pentamer_randrand_train_1000-283
-382.033072287041 0.000000000000 0.000000000000
-381.849281723766 0.183790563275 0.183790563275
-381.842378349741 0.190693937300 0.006903374025
-381.844622165935 0.188450121106 -0.002243816193

pentamer_randrand_train_1000-284
-382.034609071354 0.000000000000 0.000000000000
-382.021969727605 0.012639343749 0.012639343749
-382.019766660967 0.014842410386 0.002203066637
-382.019862873005 0.014746198349 -0.000096212038

pentamer_randrand_train_1000-285
-382.036602182024 0.000000000000 0.000000000000
-382.019506956901 0.017095225123 0.017095225123
-382.017824188295 0.018777993728 0.001682768606
-382.017790849606 0.018811332417 0.000033338689

pentamer_randrand_train_1000-286
-382.030456146321 0.000000000000 0.000000000000
-381.928737247920 0.101718898401 0.101718898401
-381.927331802449 0.103124343872 0.001405445471
-381.927073504098 0.103382642223 0.000258298351

pentamer_randrand_train_1000-287
-382.030517294968 0.000000000000 0.000000000000
-381.938785733218 0.091731561750 0.091731561750
-381.937196737255 0.093320557713 0.001588995963
-381.937141654222 0.093375640746 0.000055083032

pentamer_randrand_train_1000-288
-382.035860828973 0.000000000000 0.000000000000
-382.037636943491 -0.001776114517 -0.001776114517
-382.036874474047 -0.001013645073 0.000762469444
-382.036788642762 -0.000927813789 0.000085831285

pentamer_randrand_train_1000-289
-382.040338584093 0.000000000000 0.000000000000
-382.023639274874 0.016699309219 0.016699309219
-382.022463854108 0.017874729985 0.001175420766
-382.022506301902 0.017832282191 -0.000042447794

pentamer_randrand_train_1000-290
-382.029660249856 0.000000000000 0.000000000000
-382.015737218096 0.013923031760 0.013923031760
-382.015701186556 0.013959063301 0.000036031541
-382.015675311302 0.013984938554 0.000025875253

pentamer_randrand_train_1000-291
-382.035795376071 0.000000000000 0.000000000000
-382.008417041003 0.027378335068 0.027378335068
-382.008840623247 0.026954752824 -0.000423582244
-382.008925881068 0.026869495003 -0.000085257821

pentamer_randrand_train_1000-292
-382.032522825288 0.000000000000 0.000000000000
-381.828445784904 0.204077040384 0.204077040384
-381.827026492331 0.205496332958 0.001419292573
-381.826992518178 0.205530307110 0.000033974153

pentamer_randrand_train_1000-293
-382.037569969840 0.000000000000 0.000000000000
-381.969800210126 0.067769759714 0.067769759714
-381.968705041935 0.068864927905 0.001095168191
-381.968803981336 0.068765988503 -0.000098939401

pentamer_randrand_train_1000-294
-382.031357413360 0.000000000000 0.000000000000
-381.852453909555 0.178903503805 0.178903503805
-381.851994172074 0.179363241285 0.000459737480
-381.852591853742 0.178765559617 -0.000597681668

pentamer_randrand_train_1000-295
-382.037271383966 0.000000000000 0.000000000000
-381.949775461331 0.087495922635 0.087495922635
-381.951032462544 0.086238921422 -0.001257001213
-381.951148794845 0.086122589121 -0.000116332301

pentamer_randrand_train_1000-296
-382.032633877747 0.000000000000 0.000000000000
-382.043728177620 -0.011094299873 -0.011094299873
-382.043262015401 -0.010628137654 0.000466162219
-382.043242142365 -0.010608264618 0.000019873036

pentamer_randrand_train_1000-297
-382.029448816686 0.000000000000 0.000000000000
-381.941823573419 0.087625243267 0.087625243267
-381.937466112301 0.091982704385 0.004357461118
-381.937413509406 0.092035307281 0.000052602895

pentamer_randrand_train_1000-298
-382.029085146872 0.000000000000 0.000000000000
-381.992210315778 0.036874831093 0.036874831093
-381.989643701338 0.039441445534 0.002566614441
-381.990131858902 0.038953287970 -0.000488157564

pentamer_randrand_train_1000-299
-382.036587349211 0.000000000000 0.000000000000
-381.971837065738 0.064750283473 0.064750283473
-381.971550767059 0.065036582153 0.000286298679
-381.971974323718 0.064613025494 -0.000423556659

pentamer_randrand_train_1000-300
-382.028488839969 0.000000000000 0.000000000000
-381.979282076412 0.049206763557 0.049206763557
-381.978383158181 0.050105681788 0.000898918231
-381.978450828520 0.050038011449 -0.000067670339

pentamer_randrand_train_1000-301
-382.032574845223 0.000000000000 0.000000000000
-381.702876817900 0.329698027323 0.329698027323
-381.733626689783 0.298948155440 -0.030749871883
-381.729791479678 0.302783365545 0.003835210105

pentamer_randrand_train_1000-302
-382.030417559674 0.000000000000 0.000000000000
-381.999201287642 0.031216272032 0.031216272032
-381.998473113143 0.031944446531 0.000728174499
-381.998496541105 0.031921018569 -0.000023427962

pentamer_randrand_train_1000-303
-382.036359824376 0.000000000000 0.000000000000
-382.016302935786 0.020056888590 0.020056888590
-382.019467612944 0.016892211432 -0.003164677157
-382.019551278191 0.016808546185 -0.000083665247

pentamer_randrand_train_1000-304
-382.031053653159 0.000000000000 0.000000000000
-381.889441811864 0.141611841295 0.141611841295
-381.888927074016 0.142126579144 0.000514737848
-381.888786763080 0.142266890079 0.000140310936

pentamer_randrand_train_1000-305
-382.030137665532 0.000000000000 0.000000000000
-381.969042742954 0.061094922578 0.061094922578
-381.967057889689 0.063079775843 0.001984853265
-381.967111859204 0.063025806328 -0.000053969515

pentamer_randrand_train_1000-306
-382.034167479643 0.000000000000 0.000000000000
-381.964604899818 0.069562579826 0.069562579826
-381.963155345942 0.071012133701 0.001449553875
-381.963113762886 0.071053716758 0.000041583057

pentamer_randrand_train_1000-307
-382.036822505164 0.000000000000 0.000000000000
-382.009414192251 0.027408312913 0.027408312913
-382.009011531633 0.027810973531 0.000402660618
-382.008898676960 0.027923828203 0.000112854673

pentamer_randrand_train_1000-308
-382.026807708175 0.000000000000 0.000000000000
-381.938572976798 0.088234731377 0.088234731377
-381.938291391709 0.088516316467 0.000281585090
-381.938358274818 0.088449433357 -0.000066883110

pentamer_randrand_train_1000-309
-382.027829411667 0.000000000000 0.000000000000
-382.022342063652 0.005487348015 0.005487348015
-382.020121986022 0.007707425645 0.002220077630
-382.020175084586 0.007654327081 -0.000053098564

pentamer_randrand_train_1000-310
-382.034486544256 0.000000000000 0.000000000000
-382.005989362802 0.028497181454 0.028497181454
-382.006208274465 0.028278269791 -0.000218911663
-382.006173550303 0.028312993953 0.000034724162

pentamer_randrand_train_1000-311
-382.023984054315 0.000000000000 0.000000000000
-381.976609267975 0.047374786340 0.047374786340
-381.972616930660 0.051367123655 0.003992337315
-381.973007318926 0.050976735388 -0.000390388267

pentamer_randrand_train_1000-312
-382.035102467812 0.000000000000 0.000000000000
-381.979145148270 0.055957319542 0.055957319542
-381.975818451910 0.059284015902 0.003326696360
-381.976291474091 0.058810993720 -0.000473022181

pentamer_randrand_train_1000-313
-382.033925933472 0.000000000000 0.000000000000
-381.876302507815 0.157623425656 0.157623425656
-381.882718112864 0.151207820608 -0.006415605049
-381.883054606027 0.150871327444 -0.000336493164

pentamer_randrand_train_1000-314
-382.033828857533 0.000000000000 0.000000000000
-381.993804515376 0.040024342157 0.040024342157
-381.991596298162 0.042232559371 0.002208217214
-381.991561536774 0.042267320759 0.000034761389

pentamer_randrand_train_1000-315
-382.026868495668 0.000000000000 0.000000000000
-381.740474355076 0.286394140592 0.286394140592
-381.737732676812 0.289135818857 0.002741678265
-381.739103740806 0.287764754862 -0.001371063994

pentamer_randrand_train_1000-316
-382.030008498292 0.000000000000 0.000000000000
-381.961292775028 0.068715723265 0.068715723265
-381.959676050363 0.070332447929 0.001616724664
-381.959765736757 0.070242761536 -0.000089686393

pentamer_randrand_train_1000-317
-382.040302034263 0.000000000000 0.000000000000
-382.012150018257 0.028152016006 0.028152016006
-382.017241518400 0.023060515863 -0.005091500143
-382.017357524593 0.022944509669 -0.000116006193

pentamer_randrand_train_1000-318
-382.027876622139 0.000000000000 0.000000000000
-382.019795701679 0.008080920460 0.008080920460
-382.020597759035 0.007278863104 -0.000802057356
-382.020536474994 0.007340147145 0.000061284041

pentamer_randrand_train_1000-319
-382.033943779673 0.000000000000 0.000000000000
-381.996163742614 0.037780037058 0.037780037058
-381.994821168131 0.039122611542 0.001342574484
-381.994933793790 0.039009985882 -0.000112625660

pentamer_randrand_train_1000-320
-382.033597049664 0.000000000000 0.000000000000
-381.854711326423 0.178885723242 0.178885723242
-381.856269825534 0.177327224130 -0.001558499111
-381.856291648592 0.177305401072 -0.000021823058

pentamer_randrand_train_1000-321
-382.030688594192 0.000000000000 0.000000000000
-381.944901393900 0.085787200293 0.085787200293
-381.946335318392 0.084353275801 -0.001433924492
-381.946171237681 0.084517356512 0.000164080711

pentamer_randrand_train_1000-322
-382.028704854585 0.000000000000 0.000000000000
-381.979458574811 0.049246279774 0.049246279774
-381.975969451085 0.052735403500 0.003489123726
-381.975875061151 0.052829793434 0.000094389934

pentamer_randrand_train_1000-323
-382.026701170095 0.000000000000 0.000000000000
-381.958775707802 0.067925462293 0.067925462293
-381.961126818912 0.065574351183 -0.002351111110
-381.961137889371 0.065563280724 -0.000011070460

pentamer_randrand_train_1000-324
-382.030108253216 0.000000000000 0.000000000000
-381.923670156244 0.106438096972 0.106438096972
-381.924384461111 0.105723792105 -0.000714304867
-381.924531682061 0.105576571155 -0.000147220950

pentamer_randrand_train_1000-325
-382.037772431646 0.000000000000 0.000000000000
-381.803007011045 0.234765420601 0.234765420601
-381.799147915504 0.238624516142 0.003859095540
-381.798129876554 0.239642555092 0.001018038950

pentamer_randrand_train_1000-326
-382.033790781225 0.000000000000 0.000000000000
-381.900109948262 0.133680832963 0.133680832963
-381.897315860297 0.136474920929 0.002794087965
-381.896958087600 0.136832693625 0.000357772696

pentamer_randrand_train_1000-327
-382.032616632919 0.000000000000 0.000000000000
-381.847630847438 0.184985785481 0.184985785481
-381.848593075463 0.184023557456 -0.000962228025
-381.847470799503 0.185145833416 0.001122275959

pentamer_randrand_train_1000-328
-382.027168157919 0.000000000000 0.000000000000
-381.971426717061 0.055741440858 0.055741440858
-381.966941189368 0.060226968551 0.004485527693
-381.967187329335 0.059980828584 -0.000246139967

pentamer_randrand_train_1000-329
-382.031427648466 0.000000000000 0.000000000000
-381.829282277409 0.202145371057 0.202145371057
-381.828038358164 0.203389290302 0.001243919245
-381.828732553392 0.202695095074 -0.000694195228

pentamer_randrand_train_1000-330
-382.025694774211 0.000000000000 0.000000000000
-381.866254778265 0.159439995946 0.159439995946
-381.871838253286 0.153856520926 -0.005583475021
-381.870656652037 0.155038122174 0.001181601249

pentamer_randrand_train_1000-331
-382.028536190849 0.000000000000 0.000000000000
-381.995355541202 0.033180649646 0.033180649646
-381.995003262244 0.033532928604 0.000352278958
-381.995009455142 0.033526735707 -0.000006192897

pentamer_randrand_train_1000-332
-382.029144076682 0.000000000000 0.000000000000
-381.987446007718 0.041698068964 0.041698068964
-381.986380356541 0.042763720140 0.001065651177
-381.986358691695 0.042785384987 0.000021664847

pentamer_randrand_train_1000-333
-382.033506851838 0.000000000000 0.000000000000
-381.970925394638 0.062581457200 0.062581457200
-381.966811717130 0.066695134708 0.004113677508
-381.966997918515 0.066508933323 -0.000186201385

pentamer_randrand_train_1000-334
-382.027892261803 0.000000000000 0.000000000000
-381.751238375085 0.276653886719 0.276653886719
-381.754160924503 0.273731337300 -0.002922549418
-381.755630577093 0.272261684710 -0.001469652590

pentamer_randrand_train_1000-335
-382.023719149640 0.000000000000 0.000000000000
-381.788899229260 0.234819920380 0.234819920380
-381.787079914047 0.236639235593 0.001819315213
-381.787148058130 0.236571091510 -0.000068144083

pentamer_randrand_train_1000-336
-382.033635938337 0.000000000000 0.000000000000
-381.910166685016 0.123469253321 0.123469253321
-381.910251262118 0.123384676219 -0.000084577102
-381.910204946732 0.123430991605 0.000046315386

pentamer_randrand_train_1000-337
-382.029330211533 0.000000000000 0.000000000000
-381.702584656203 0.326745555329 0.326745555329
-381.718375610776 0.310954600756 -0.015790954573
-381.718564695989 0.310765515543 -0.000189085213

pentamer_randrand_train_1000-338
-382.032728606432 0.000000000000 0.000000000000
-381.978945086074 0.053783520358 0.053783520358
-381.975482233910 0.057246372522 0.003462852164
-381.975716523554 0.057012082878 -0.000234289644

pentamer_randrand_train_1000-339
-382.033638987942 0.000000000000 0.000000000000
-381.841660216544 0.191978771399 0.191978771399
-381.840425692646 0.193213295297 0.001234523898
-381.840748059501 0.192890928441 -0.000322366856

pentamer_randrand_train_1000-340
-382.032549350248 0.000000000000 0.000000000000
-382.023175812049 0.009373538199 0.009373538199
-382.021853778422 0.010695571826 0.001322033627
-382.021868819325 0.010680530923 -0.000015040903

pentamer_randrand_train_1000-341
-382.030336176566 0.000000000000 0.000000000000
-381.760184653565 0.270151523001 0.270151523001
-381.761735349484 0.268600827082 -0.001550695919
-381.761490408203 0.268845768363 0.000244941281

pentamer_randrand_train_1000-342
-382.036004532045 0.000000000000 0.000000000000
-382.001854609280 0.034149922765 0.034149922765
-382.002484001888 0.033520530157 -0.000629392608
-382.002505910172 0.033498621873 -0.000021908283

pentamer_randrand_train_1000-343
-382.030439612054 0.000000000000 0.000000000000
-381.778701990846 0.251737621208 0.251737621208
-381.779514859924 0.250924752130 -0.000812869077
-381.780087461315 0.250352150739 -0.000572601391

pentamer_randrand_train_1000-344
-382.036742361774 0.000000000000 0.000000000000
-382.033627875724 0.003114486049 0.003114486049
-382.033324508021 0.003417853753 0.000303367703
-382.033311150194 0.003431211579 0.000013357826

pentamer_randrand_train_1000-345
-382.032585206275 0.000000000000 0.000000000000
-382.016183948624 0.016401257651 0.016401257651
-382.018215585473 0.014369620802 -0.002031636850
-382.018171063311 0.014414142964 0.000044522162

pentamer_randrand_train_1000-346
-382.039532786639 0.000000000000 0.000000000000
-381.852963005637 0.186569781002 0.186569781002
-381.856700705635 0.182832081003 -0.003737699999
-381.856795039987 0.182737746652 -0.000094334352

pentamer_randrand_train_1000-347
-382.021349222360 0.000000000000 0.000000000000
-382.000124420079 0.021224802281 0.021224802281
-381.999523812725 0.021825409635 0.000600607354
-381.999573352683 0.021775869677 -0.000049539958

pentamer_randrand_train_1000-348
-382.032150313482 0.000000000000 0.000000000000
-381.910546794455 0.121603519027 0.121603519027
-381.909050464132 0.123099849350 0.001496330323
-381.908972392794 0.123177920687 0.000078071337

pentamer_randrand_train_1000-349
-382.022307625459 0.000000000000 0.000000000000
-381.919893063535 0.102414561924 0.102414561924
-381.917995777615 0.104311847844 0.001897285920
-381.917946873473 0.104360751985 0.000048904141

pentamer_randrand_train_1000-350
-382.031094487752 0.000000000000 0.000000000000
-381.845862239735 0.185232248017 0.185232248017
-381.851223123839 0.179871363913 -0.005360884104
-381.852130401448 0.178964086304 -0.000907277609

pentamer_randrand_train_1000-351
-382.033816827803 0.000000000000 0.000000000000
-382.013364873543 0.020451954260 0.020451954260
-382.013930155067 0.019886672736 -0.000565281524
-382.013818804480 0.019998023323 0.000111350587

pentamer_randrand_train_1000-352
-382.037223410331 0.000000000000 0.000000000000
-381.952044404905 0.085179005425 0.085179005425
-381.948400394397 0.088823015933 0.003644010508
-381.948374716341 0.088848693989 0.000025678056

pentamer_randrand_train_1000-353
-382.038674331683 0.000000000000 0.000000000000
-381.680633622321 0.358040709363 0.358040709363
-381.675515435762 0.363158895921 0.005118186559
-381.673952731185 0.364721600498 0.001562704577

pentamer_randrand_train_1000-354
-382.032277913251 0.000000000000 0.000000000000
-381.557199623769 0.475078289482 0.475078289482
-381.593542458179 0.438735455072 -0.036342834410
-381.592447216475 0.439830696776 0.001095241704

pentamer_randrand_train_1000-355
-382.033649429678 0.000000000000 0.000000000000
-381.714091849504 0.319557580174 0.319557580174
-381.722270048321 0.311379381357 -0.008178198817
-381.724601102993 0.309048326685 -0.002331054672

pentamer_randrand_train_1000-356
-382.033406859024 0.000000000000 0.000000000000
-382.032168694821 0.001238164203 0.001238164203
-382.031455404696 0.001951454328 0.000713290125
-382.031473710122 0.001933148902 -0.000018305427

pentamer_randrand_train_1000-357
-382.031920023217 0.000000000000 0.000000000000
-382.018324150401 0.013595872815 0.013595872815
-382.018943159801 0.012976863415 -0.000619009400
-382.018882174795 0.013037848422 0.000060985006

pentamer_randrand_train_1000-358
-382.031711282278 0.000000000000 0.000000000000
-381.949419586788 0.082291695490 0.082291695490
-381.949207331914 0.082503950363 0.000212254873
-381.949080911463 0.082630370815 0.000126420451

pentamer_randrand_train_1000-359
-382.032736556367 0.000000000000 0.000000000000
-381.972464426458 0.060272129909 0.060272129909
-381.970847296738 0.061889259628 0.001617129720
-381.970818694814 0.061917861553 0.000028601925

pentamer_randrand_train_1000-360
-382.034218537005 0.000000000000 0.000000000000
-381.941119770653 0.093098766353 0.093098766353
-381.941818837626 0.092399699379 -0.000699066973
-381.942154820803 0.092063716202 -0.000335983177

pentamer_randrand_train_1000-361
-382.016061845838 0.000000000000 0.000000000000
-381.973806716007 0.042255129831 0.042255129831
-381.973481962659 0.042579883179 0.000324753348
-381.973432200438 0.042629645400 0.000049762221

pentamer_randrand_train_1000-362
-382.031824753440 0.000000000000 0.000000000000
-381.705473457642 0.326351295798 0.326351295798
-381.710893928642 0.320930824798 -0.005420471000
-381.712064343118 0.319760410322 -0.001170414476

pentamer_randrand_train_1000-363
-382.036858248364 0.000000000000 0.000000000000
-381.968303360872 0.068554887492 0.068554887492
-381.966457808201 0.070400440163 0.001845552671
-381.966147654738 0.070710593626 0.000310153463

pentamer_randrand_train_1000-364
-382.035926774058 0.000000000000 0.000000000000
-381.984870632402 0.051056141655 0.051056141655
-381.985858228472 0.050068545586 -0.000987596070
-381.985169162698 0.050757611360 0.000689065774

pentamer_randrand_train_1000-365
-382.035269513137 0.000000000000 0.000000000000
-381.746693278077 0.288576235060 0.288576235060
-381.742005858885 0.293263654252 0.004687419192
-381.742138545172 0.293130967965 -0.000132686287

pentamer_randrand_train_1000-366
-382.024396806204 0.000000000000 0.000000000000
-381.733287131185 0.291109675020 0.291109675020
-381.725742037137 0.298654769067 0.007545094047
-381.727214095089 0.297182711116 -0.001472057951

pentamer_randrand_train_1000-367
-382.039759036548 0.000000000000 0.000000000000
-382.011452252498 0.028306784050 0.028306784050
-382.008834152511 0.030924884036 0.002618099987
-382.008789846111 0.030969190437 0.000044306400

pentamer_randrand_train_1000-368
-382.027899930624 0.000000000000 0.000000000000
-381.688684428338 0.339215502286 0.339215502286
-381.711331559188 0.316568371436 -0.022647130850
-381.711812065012 0.316087865612 -0.000480505824

pentamer_randrand_train_1000-369
-382.028004740140 0.000000000000 0.000000000000
-381.969869905336 0.058134834803 0.058134834803
-381.971777885701 0.056226854439 -0.001907980364
-381.971386068633 0.056618671507 0.000391817068

pentamer_randrand_train_1000-370
-382.034116413017 0.000000000000 0.000000000000
-381.974882509835 0.059233903182 0.059233903182
-381.975036821209 0.059079591808 -0.000154311374
-381.975019835033 0.059096577984 0.000016986176

pentamer_randrand_train_1000-371
-382.031683312270 0.000000000000 0.000000000000
-381.740475884922 0.291207427347 0.291207427347
-381.735279150779 0.296404161491 0.005196734144
-381.735716816061 0.295966496208 -0.000437665283

pentamer_randrand_train_1000-372
-382.027540406709 0.000000000000 0.000000000000
-381.989279132662 0.038261274047 0.038261274047
-381.992720663694 0.034819743015 -0.003441531032
-381.992588763820 0.034951642889 0.000131899874

pentamer_randrand_train_1000-373
-382.027832700950 0.000000000000 0.000000000000
-381.893497052048 0.134335648902 0.134335648902
-381.897549069322 0.130283631628 -0.004052017274
-381.897482369997 0.130350330953 0.000066699326

pentamer_randrand_train_1000-374
-382.028833662557 0.000000000000 0.000000000000
-382.001138650298 0.027695012259 0.027695012259
-382.003399168238 0.025434494319 -0.002260517940
-382.003233019128 0.025600643429 0.000166149110

pentamer_randrand_train_1000-375
-382.037811986495 0.000000000000 0.000000000000
-381.783395457217 0.254416529278 0.254416529278
-381.781044001778 0.256767984717 0.002351455439
-381.780992275005 0.256819711490 0.000051726773

pentamer_randrand_train_1000-376
-382.027322070952 0.000000000000 0.000000000000
-381.871443505402 0.155878565551 0.155878565551
-381.872549223086 0.154772847867 -0.001105717684
-381.872913454523 0.154408616430 -0.000364231437

pentamer_randrand_train_1000-377
-382.040598252335 0.000000000000 0.000000000000
-381.947652980379 0.092945271956 0.092945271956
-381.946284727271 0.094313525064 0.001368253108
-381.946175584163 0.094422668172 0.000109143109

pentamer_randrand_train_1000-378
-382.039309615965 0.000000000000 0.000000000000
-381.914875984586 0.124433631379 0.124433631379
-381.905351268601 0.133958347365 0.009524715985
-381.906208588039 0.133101027926 -0.000857319438

pentamer_randrand_train_1000-379
-382.030005857239 0.000000000000 0.000000000000
-381.715618174889 0.314387682350 0.314387682350
-381.716643235370 0.313362621869 -0.001025060481
-381.717597304607 0.312408552632 -0.000954069237

pentamer_randrand_train_1000-380
-382.035489573694 0.000000000000 0.000000000000
-382.007403641967 0.028085931727 0.028085931727
-382.004311745066 0.031177828628 0.003091896901
-382.004406646567 0.031082927127 -0.000094901501

pentamer_randrand_train_1000-381
-382.020165522868 0.000000000000 0.000000000000
-381.977716492760 0.042449030108 0.042449030108
-381.976540323020 0.043625199848 0.001176169740
-381.976660492778 0.043505030090 -0.000120169759

pentamer_randrand_train_1000-382
-382.037300197000 0.000000000000 0.000000000000
-381.990992222530 0.046307974470 0.046307974470
-381.987432741172 0.049867455827 0.003559481358
-381.987440254349 0.049859942651 -0.000007513177

pentamer_randrand_train_1000-383
-382.011034835390 0.000000000000 0.000000000000
-381.896374871846 0.114659963544 0.114659963544
-381.902777894977 0.108256940413 -0.006403023131
-381.902318681194 0.108716154196 0.000459213784

pentamer_randrand_train_1000-384
-382.026827797023 0.000000000000 0.000000000000
-381.867045038105 0.159782758918 0.159782758918
-381.866363420515 0.160464376507 0.000681617589
-381.866213335040 0.160614461983 0.000150085475

pentamer_randrand_train_1000-385
-382.030763594759 0.000000000000 0.000000000000
-382.015675348168 0.015088246591 0.015088246591
-382.016143008632 0.014620586127 -0.000467660464
-382.015941482248 0.014822112511 0.000201526383

pentamer_randrand_train_1000-386
-382.036038301157 0.000000000000 0.000000000000
-381.733208020933 0.302830280225 0.302830280225
-381.736356000548 0.299682300609 -0.003147979616
-381.735942255522 0.300096045635 0.000413745026

pentamer_randrand_train_1000-387
-382.035349134287 0.000000000000 0.000000000000
-381.946399117387 0.088950016900 0.088950016900
-381.951991788261 0.083357346026 -0.005592670874
-381.951956468891 0.083392665396 0.000035319370

pentamer_randrand_train_1000-388
-382.012545813208 0.000000000000 0.000000000000
-381.925113218357 0.087432594851 0.087432594851
-381.924996044897 0.087549768311 0.000117173460
-381.924870085515 0.087675727693 0.000125959382

pentamer_randrand_train_1000-389
-382.038815089873 0.000000000000 0.000000000000
-381.970272877114 0.068542212758 0.068542212758
-381.970613956459 0.068201133414 -0.000341079345
-381.970732728953 0.068082360920 -0.000118772494

pentamer_randrand_train_1000-390
-382.039178960962 0.000000000000 0.000000000000
-382.044379919579 -0.005200958617 -0.005200958617
-382.043892957095 -0.004713996133 0.000486962484
-382.043932809905 -0.004753848943 -0.000039852810

pentamer_randrand_train_1000-391
-382.029139256801 0.000000000000 0.000000000000
-381.968449097186 0.060690159615 0.060690159615
-381.967935997550 0.061203259251 0.000513099636
-381.968077826089 0.061061430712 -0.000141828539

pentamer_randrand_train_1000-392
-382.030839567369 0.000000000000 0.000000000000
-382.037160681847 -0.006321114478 -0.006321114478
-382.039657995244 -0.008818427875 -0.002497313396
-382.039846699654 -0.009007132285 -0.000188704410

pentamer_randrand_train_1000-393
-382.026022444134 0.000000000000 0.000000000000
-381.744329615488 0.281692828646 0.281692828646
-381.740073075278 0.285949368855 0.004256540209
-381.740743547939 0.285278896194 -0.000670472661

pentamer_randrand_train_1000-394
-382.024140724558 0.000000000000 0.000000000000
-382.006205307251 0.017935417306 0.017935417306
-382.005879162294 0.018261562264 0.000326144958
-382.005893411558 0.018247313000 -0.000014249264

pentamer_randrand_train_1000-395
-382.034448632851 0.000000000000 0.000000000000
-381.682007738069 0.352440894782 0.352440894782
-381.665275278809 0.369173354042 0.016732459260
-381.669600030818 0.364848602032 -0.004324752010

pentamer_randrand_train_1000-396
-382.034683728048 0.000000000000 0.000000000000
-381.926386450714 0.108297277334 0.108297277334
-381.922309284048 0.112374444000 0.004077166666
-381.922418732029 0.112264996019 -0.000109447981

pentamer_randrand_train_1000-397
-382.024501265273 0.000000000000 0.000000000000
-381.668701452127 0.355799813146 0.355799813146
-381.658422140554 0.366079124720 0.010279311573
-381.657036176347 0.367465088927 0.001385964207

pentamer_randrand_train_1000-398
-382.033251776956 0.000000000000 0.000000000000
-381.960064069787 0.073187707169 0.073187707169
-381.963222100711 0.070029676245 -0.003158030924
-381.963492110146 0.069759666810 -0.000270009435

pentamer_randrand_train_1000-399
-382.027612256055 0.000000000000 0.000000000000
-381.891611093319 0.136001162736 0.136001162736
-381.900284385968 0.127327870087 -0.008673292649
-381.900594371008 0.127017885047 -0.000309985040

pentamer_randrand_train_1000-400
-382.035473305835 0.000000000000 0.000000000000
-381.760004123385 0.275469182450 0.275469182450
-381.771737575513 0.263735730322 -0.011733452128
-381.772472338914 0.263000966921 -0.000734763401

pentamer_randrand_train_1000-401
-382.024181263438 0.000000000000 0.000000000000
-381.931984241557 0.092197021882 0.092197021882
-381.934892053212 0.089289210226 -0.002907811656
-381.934741088947 0.089440174491 0.000150964266

pentamer_randrand_train_1000-402
-382.023218021741 0.000000000000 0.000000000000
-382.033667204340 -0.010449182598 -0.010449182598
-382.035846598842 -0.012628577101 -0.002179394502
-382.035989868246 -0.012771846505 -0.000143269404

pentamer_randrand_train_1000-403
-382.029529712798 0.000000000000 0.000000000000
-381.986200117181 0.043329595617 0.043329595617
-381.986028625988 0.043501086810 0.000171491193
-381.985860927173 0.043668785625 0.000167698815

pentamer_randrand_train_1000-404
-382.037914789348 0.000000000000 0.000000000000
-381.916470208323 0.121444581024 0.121444581024
-381.916384655606 0.121530133742 0.000085552717
-381.916403850743 0.121510938604 -0.000019195137

pentamer_randrand_train_1000-405
-382.036406721719 0.000000000000 0.000000000000
-382.012595617609 0.023811104110 0.023811104110
-382.011438418771 0.024968302948 0.001157198838
-382.011374398980 0.025032322739 0.000064019791

pentamer_randrand_train_1000-406
-382.035910578422 0.000000000000 0.000000000000
-381.914230567598 0.121680010824 0.121680010824
-381.915836765605 0.120073812817 -0.001606198007
-381.916092677611 0.119817900811 -0.000255912006

pentamer_randrand_train_1000-407
-382.032737959109 0.000000000000 0.000000000000
-382.023260492719 0.009477466390 0.009477466390
-382.022778012458 0.009959946651 0.000482480261
-382.022763213922 0.009974745187 0.000014798536

pentamer_randrand_train_1000-408
-382.030567854004 0.000000000000 0.000000000000
-381.974111353467 0.056456500537 0.056456500537
-381.971436414776 0.059131439228 0.002674938691
-381.971284428237 0.059283425767 0.000151986539

pentamer_randrand_train_1000-409
-382.029255317574 0.000000000000 0.000000000000
-381.657005825569 0.372249492006 0.372249492006
-381.679856259585 0.349399057989 -0.022850434017
-381.677432017997 0.351823299577 0.002424241588

pentamer_randrand_train_1000-410
-382.041806703404 0.000000000000 0.000000000000
-381.783451866090 0.258354837315 0.258354837315
-381.789206079590 0.252600623814 -0.005754213501
-381.789074194689 0.252732508715 0.000131884901

pentamer_randrand_train_1000-411
-382.034297689624 0.000000000000 0.000000000000
-381.864895834844 0.169401854780 0.169401854780
-381.861372484292 0.172925205332 0.003523350552
-381.861378545801 0.172919143823 -0.000006061509

pentamer_randrand_train_1000-412
-382.036387448088 0.000000000000 0.000000000000
-381.951569679161 0.084817768927 0.084817768927
-381.951791853594 0.084595594494 -0.000222174433
-381.951804241764 0.084583206325 -0.000012388169

pentamer_randrand_train_1000-413
-382.033777134864 0.000000000000 0.000000000000
-381.874266125161 0.159511009702 0.159511009702
-381.874566879866 0.159210254997 -0.000300754705
-381.875137480304 0.158639654560 -0.000570600438

pentamer_randrand_train_1000-414
-382.029170341421 0.000000000000 0.000000000000
-381.764201546986 0.264968794435 0.264968794435
-381.765260481343 0.263909860079 -0.001058934357
-381.765403910269 0.263766431153 -0.000143428926

pentamer_randrand_train_1000-415
-382.026635008017 0.000000000000 0.000000000000
-381.786232999544 0.240402008473 0.240402008473
-381.787638171245 0.238996836773 -0.001405171700
-381.790376346461 0.236258661556 -0.002738175216

pentamer_randrand_train_1000-416
-382.031521349837 0.000000000000 0.000000000000
-381.787065809613 0.244455540224 0.244455540224
-381.778909293697 0.252612056139 0.008156515915
-381.778270213554 0.253251136283 0.000639080144

pentamer_randrand_train_1000-417
-382.037122176838 0.000000000000 0.000000000000
-382.028457474776 0.008664702061 0.008664702061
-382.028964684513 0.008157492325 -0.000507209737
-382.028873647641 0.008248529196 0.000091036872

pentamer_randrand_train_1000-418
-382.027660348351 0.000000000000 0.000000000000
-381.873368607947 0.154291740404 0.154291740404
-381.878934238950 0.148726109401 -0.005565631003
-381.878839209603 0.148821138749 0.000095029348

pentamer_randrand_train_1000-419
-382.031561957445 0.000000000000 0.000000000000
-381.945189045357 0.086372912088 0.086372912088
-381.944886143464 0.086675813981 0.000302901893
-381.944948216373 0.086613741073 -0.000062072909

pentamer_randrand_train_1000-420
-382.032749625386 0.000000000000 0.000000000000
-381.944354937304 0.088394688082 0.088394688082
-381.940953842992 0.091795782394 0.003401094312
-381.940902223678 0.091847401708 0.000051619314

pentamer_randrand_train_1000-421
-382.038123674938 0.000000000000 0.000000000000
-381.745476092610 0.292647582328 0.292647582328
-381.733114457661 0.305009217276 0.012361634949
-381.735213086392 0.302910588545 -0.002098628731

pentamer_randrand_train_1000-422
-382.029608376665 0.000000000000 0.000000000000
-381.991989832896 0.037618543769 0.037618543769
-381.989388287251 0.040220089414 0.002601545645
-381.989384030487 0.040224346178 0.000004256764

pentamer_randrand_train_1000-423
-382.038091778210 0.000000000000 0.000000000000
-381.883690081794 0.154401696416 0.154401696416
-381.885982005231 0.152109772979 -0.002291923438
-381.885921657034 0.152170121176 0.000060348197

pentamer_randrand_train_1000-424
-382.029194450976 0.000000000000 0.000000000000
-382.015081622818 0.014112828158 0.014112828158
-382.016060577663 0.013133873313 -0.000978954845
-382.015910688511 0.013283762466 0.000149889153

pentamer_randrand_train_1000-425
-382.035082082845 0.000000000000 0.000000000000
-381.948925405986 0.086156676859 0.086156676859
-381.948392800448 0.086689282397 0.000532605538
-381.948101505337 0.086980577508 0.000291295110

pentamer_randrand_train_1000-426
-382.036431254563 0.000000000000 0.000000000000
-382.024234151286 0.012197103277 0.012197103277
-382.023755169956 0.012676084606 0.000478981330
-382.023832701770 0.012598552793 -0.000077531814

pentamer_randrand_train_1000-427
-382.027268894096 0.000000000000 0.000000000000
-381.937849517789 0.089419376307 0.089419376307
-381.936805063556 0.090463830540 0.001044454233
-381.936915355313 0.090353538783 -0.000110291757

pentamer_randrand_train_1000-428
-382.025758515021 0.000000000000 0.000000000000
-381.858393923144 0.167364591876 0.167364591876
-381.867746516854 0.158011998167 -0.009352593710
-381.868037944300 0.157720570721 -0.000291427446

pentamer_randrand_train_1000-429
-382.028747371356 0.000000000000 0.000000000000
-381.901804764788 0.126942606568 0.126942606568
-381.905720551807 0.123026819549 -0.003915787019
-381.904513396319 0.124233975037 0.001207155488

pentamer_randrand_train_1000-430
-382.035663861955 0.000000000000 0.000000000000
-381.955232995021 0.080430866935 0.080430866935
-381.955566681088 0.080097180867 -0.000333686067
-381.955495431049 0.080168430906 0.000071250038

pentamer_randrand_train_1000-431
-382.023045327495 0.000000000000 0.000000000000
-381.789835487025 0.233209840470 0.233209840470
-381.787814962055 0.235230365441 0.002020524971
-381.787984641007 0.235060686489 -0.000169678952

pentamer_randrand_train_1000-432
-382.034842532417 0.000000000000 0.000000000000
-381.815543159947 0.219299372471 0.219299372471
-381.812372630495 0.222469901922 0.003170529452
-381.812020166919 0.222822365498 0.000352463576

pentamer_randrand_train_1000-433
-382.029576164529 0.000000000000 0.000000000000
-381.886962197024 0.142613967505 0.142613967505
-381.886469211616 0.143106952913 0.000492985408
-381.886304470127 0.143271694402 0.000164741489

pentamer_randrand_train_1000-434
-382.035672001814 0.000000000000 0.000000000000
-382.021441637397 0.014230364417 0.014230364417
-382.020961225442 0.014710776372 0.000480411955
-382.021013944622 0.014658057191 -0.000052719181

pentamer_randrand_train_1000-435
-382.034421979724 0.000000000000 0.000000000000
-382.000310706076 0.034111273648 0.034111273648
-381.996621058064 0.037800921660 0.003689648012
-381.996820642854 0.037601336870 -0.000199584790

pentamer_randrand_train_1000-436
-382.034516114774 0.000000000000 0.000000000000
-381.822254357591 0.212261757183 0.212261757183
-381.834879443751 0.199636671023 -0.012625086160
-381.835194173577 0.199321941196 -0.000314729826

pentamer_randrand_train_1000-437
-382.029281333139 0.000000000000 0.000000000000
-381.834091419670 0.195189913469 0.195189913469
-381.830855820948 0.198425512191 0.003235598722
-381.830720069739 0.198561263400 0.000135751210

pentamer_randrand_train_1000-438
-382.027313490129 0.000000000000 0.000000000000
-381.964120723950 0.063192766179 0.063192766179
-381.966820075275 0.060493414854 -0.002699351325
-381.966787551169 0.060525938960 0.000032524106

pentamer_randrand_train_1000-439
-382.027154749132 0.000000000000 0.000000000000
-381.954901414450 0.072253334682 0.072253334682
-381.951040600356 0.076114148776 0.003860814094
-381.951238929251 0.075915819882 -0.000198328894

pentamer_randrand_train_1000-440
-382.015854190968 0.000000000000 0.000000000000
-381.973230453334 0.042623737634 0.042623737634
-381.974998080948 0.040856110020 -0.001767627614
-381.975096280548 0.040757910420 -0.000098199600

pentamer_randrand_train_1000-441
-382.028431436894 0.000000000000 0.000000000000
-381.997941779107 0.030489657787 0.030489657787
-382.000276654374 0.028154782520 -0.002334875267
-382.000174606627 0.028256830268 0.000102047747

pentamer_randrand_train_1000-442
-382.031195087309 0.000000000000 0.000000000000
-382.012388410283 0.018806677026 0.018806677026
-382.013465197745 0.017729889565 -0.001076787461
-382.013355497913 0.017839589396 0.000109699831

pentamer_randrand_train_1000-443
-382.036924987636 0.000000000000 0.000000000000
-381.792663278655 0.244261708981 0.244261708981
-381.791106754205 0.245818233431 0.001556524450
-381.790775595251 0.246149392385 0.000331158954

pentamer_randrand_train_1000-444
-382.038848848788 0.000000000000 0.000000000000
-381.917053662143 0.121795186645 0.121795186645
-381.915542969597 0.123305879191 0.001510692546
-381.915768872262 0.123079976526 -0.000225902665

pentamer_randrand_train_1000-445
-382.030572401891 0.000000000000 0.000000000000
-381.923354397043 0.107218004848 0.107218004848
-381.920896480698 0.109675921193 0.002457916345
-381.920931580035 0.109640821855 -0.000035099337

pentamer_randrand_train_1000-446
-382.029691129562 0.000000000000 0.000000000000
-381.779755426814 0.249935702748 0.249935702748
-381.789604633249 0.240086496313 -0.009849206435
-381.790161680013 0.239529449549 -0.000557046763

pentamer_randrand_train_1000-447
-382.035380444657 0.000000000000 0.000000000000
-381.914914380238 0.120466064419 0.120466064419
-381.915560888462 0.119819556195 -0.000646508224
-381.915554361649 0.119826083008 0.000006526813

pentamer_randrand_train_1000-448
-382.023493828825 0.000000000000 0.000000000000
-382.002473255751 0.021020573074 0.021020573074
-382.001778690786 0.021715138039 0.000694564965
-382.001819115507 0.021674713318 -0.000040424722

pentamer_randrand_train_1000-449
-382.036065924146 0.000000000000 0.000000000000
-381.981620123619 0.054445800527 0.054445800527
-381.983224494215 0.052841429931 -0.001604370595
-381.983041818101 0.053024106046 0.000182676114

pentamer_randrand_train_1000-450
-382.033368027913 0.000000000000 0.000000000000
-381.911457100564 0.121910927349 0.121910927349
-381.909032124084 0.124335903829 0.002424976480
-381.908967248190 0.124400779723 0.000064875894

pentamer_randrand_train_1000-451
-382.034196439462 0.000000000000 0.000000000000
-381.823363636835 0.210832802627 0.210832802627
-381.820085543259 0.214110896203 0.003278093576
-381.820236191402 0.213960248060 -0.000150648143

pentamer_randrand_train_1000-452
-382.037058732835 0.000000000000 0.000000000000
-381.821176776694 0.215881956141 0.215881956141
-381.816639424664 0.220419308171 0.004537352030
-381.816674923538 0.220383809298 -0.000035498873

pentamer_randrand_train_1000-453
-382.029272702893 0.000000000000 0.000000000000
-381.911198875917 0.118073826976 0.118073826976
-381.907466792933 0.121805909960 0.003732082984
-381.907455898314 0.121816804579 0.000010894619

pentamer_randrand_train_1000-454
-382.036926870835 0.000000000000 0.000000000000
-381.881985151848 0.154941718987 0.154941718987
-381.874519951881 0.162406918953 0.007465199967
-381.874625910244 0.162300960591 -0.000105958362

pentamer_randrand_train_1000-455
-382.035628039416 0.000000000000 0.000000000000
-381.722206180348 0.313421859068 0.313421859068
-381.721742059827 0.313885979589 0.000464120521
-381.722130813966 0.313497225450 -0.000388754139

pentamer_randrand_train_1000-456
-382.027839945749 0.000000000000 0.000000000000
-381.979605263782 0.048234681968 0.048234681968
-381.978850955332 0.048988990417 0.000754308450
-381.978898994043 0.048940951706 -0.000048038711

pentamer_randrand_train_1000-457
-382.035359918662 0.000000000000 0.000000000000
-381.825430697253 0.209929221408 0.209929221408
-381.852911459654 0.182448459008 -0.027480762400
-381.847754177220 0.187605741442 0.005157282434

pentamer_randrand_train_1000-458
-382.039225387169 0.000000000000 0.000000000000
-381.989405516587 0.049819870583 0.049819870583
-381.990724764727 0.048500622443 -0.001319248140
-381.990574613590 0.048650773579 0.000150151136

pentamer_randrand_train_1000-459
-382.028822693497 0.000000000000 0.000000000000
-382.005884295355 0.022938398142 0.022938398142
-382.005755620603 0.023067072894 0.000128674752
-382.005736302289 0.023086391208 0.000019318314

pentamer_randrand_train_1000-460
-382.031750579025 0.000000000000 0.000000000000
-381.993176231744 0.038574347281 0.038574347281
-381.995203980478 0.036546598547 -0.002027748734
-381.995152460359 0.036598118666 0.000051520119

pentamer_randrand_train_1000-461
-382.031225871187 0.000000000000 0.000000000000
-381.680910614767 0.350315256420 0.350315256420
-381.678246531235 0.352979339952 0.002664083532
-381.678837474222 0.352388396964 -0.000590942987

pentamer_randrand_train_1000-462
-382.036094556631 0.000000000000 0.000000000000
-382.007003093740 0.029091462891 0.029091462891
-382.005329563325 0.030764993306 0.001673530415
-382.005439956804 0.030654599827 -0.000110393479

pentamer_randrand_train_1000-463
-382.021783172696 0.000000000000 0.000000000000
-381.872005401511 0.149777771185 0.149777771185
-381.870786045144 0.150997127552 0.001219356367
-381.870299990358 0.151483182337 0.000486054786

pentamer_randrand_train_1000-464
-382.028676928217 0.000000000000 0.000000000000
-381.967248364225 0.061428563991 0.061428563991
-381.968610518183 0.060066410033 -0.001362153958
-381.968487581861 0.060189346356 0.000122936323

pentamer_randrand_train_1000-465
-382.027020172826 0.000000000000 0.000000000000
-381.844405756348 0.182614416478 0.182614416478
-381.849346543558 0.177673629268 -0.004940787210
-381.849872795293 0.177147377533 -0.000526251735

pentamer_randrand_train_1000-466
-382.040976367826 0.000000000000 0.000000000000
-381.977223931446 0.063752436380 0.063752436380
-381.982098408954 0.058877958872 -0.004874477508
-381.981860831237 0.059115536590 0.000237577717

pentamer_randrand_train_1000-467
-382.035785001050 0.000000000000 0.000000000000
-381.945805135673 0.089979865378 0.089979865378
-381.944177531933 0.091607469118 0.001627603740
-381.944115866670 0.091669134380 0.000061665263

pentamer_randrand_train_1000-468
-382.026465456508 0.000000000000 0.000000000000
-381.695667959629 0.330797496880 0.330797496880
-381.722133445637 0.304332010871 -0.026465486009
-381.720254348263 0.306211108245 0.001879097374

pentamer_randrand_train_1000-469
-382.013439113092 0.000000000000 0.000000000000
-381.811335075271 0.202104037820 0.202104037820
-381.810481704702 0.202957408389 0.000853370569
-381.810239896454 0.203199216638 0.000241808248

pentamer_randrand_train_1000-470
-382.023328079699 0.000000000000 0.000000000000
-381.967294218631 0.056033861067 0.056033861067
-381.963355618503 0.059972461195 0.003938600128
-381.963196773125 0.060131306574 0.000158845379

pentamer_randrand_train_1000-471
-382.026942222361 0.000000000000 0.000000000000
-381.820072045262 0.206870177099 0.206870177099
-381.813223040292 0.213719182068 0.006849004970
-381.813543810401 0.213398411960 -0.000320770109

pentamer_randrand_train_1000-472
-382.035462416207 0.000000000000 0.000000000000
-381.739077292962 0.296385123245 0.296385123245
-381.746946619090 0.288515797117 -0.007869326128
-381.746503524616 0.288958891591 0.000443094474

pentamer_randrand_train_1000-473
-382.036925173802 0.000000000000 0.000000000000
-382.003142917389 0.033782256413 0.033782256413
-382.001941453170 0.034983720632 0.001201464219
-382.001685901565 0.035239272238 0.000255551606

pentamer_randrand_train_1000-474
-382.033468836524 0.000000000000 0.000000000000
-381.771171013265 0.262297823259 0.262297823259
-381.783752120762 0.249716715762 -0.012581107497
-381.783349619849 0.250119216675 0.000402500913

pentamer_randrand_train_1000-475
-382.033960317914 0.000000000000 0.000000000000
-381.949546818268 0.084413499646 0.084413499646
-381.953461860643 0.080498457271 -0.003915042375
-381.953843563588 0.080116754325 -0.000381702946

pentamer_randrand_train_1000-476
-382.035203608646 0.000000000000 0.000000000000
-381.765325062178 0.269878546468 0.269878546468
-381.761650174930 0.273553433715 0.003674887248
-381.762035870754 0.273167737891 -0.000385695824

pentamer_randrand_train_1000-477
-382.036613669988 0.000000000000 0.000000000000
-381.641886666235 0.394727003753 0.394727003753
-381.654678530238 0.381935139750 -0.012791864003
-381.657325643222 0.379288026766 -0.002647112984

pentamer_randrand_train_1000-478
-382.036000475243 0.000000000000 0.000000000000
-381.923407442586 0.112593032657 0.112593032657
-381.924420056568 0.111580418675 -0.001012613982
-381.924643688028 0.111356787216 -0.000223631459

pentamer_randrand_train_1000-479
-382.036805184781 0.000000000000 0.000000000000
-381.799560782894 0.237244401887 0.237244401887
-381.789320192376 0.247484992405 0.010240590518
-381.789335170300 0.247470014480 -0.000014977924

pentamer_randrand_train_1000-480
-382.031107252080 0.000000000000 0.000000000000
-382.022041677518 0.009065574563 0.009065574563
-382.021158959664 0.009948292416 0.000882717853
-382.021166982278 0.009940269802 -0.000008022614

pentamer_randrand_train_1000-481
-382.035879625480 0.000000000000 0.000000000000
-381.630134369195 0.405745256285 0.405745256285
-381.632675515700 0.403204109780 -0.002541146504
-381.631375126057 0.404504499423 0.001300389642

pentamer_randrand_train_1000-482
-382.034197570574 0.000000000000 0.000000000000
-381.861344586142 0.172852984433 0.172852984433
-381.862226655582 0.171970914992 -0.000882069440
-381.861659269081 0.172538301493 0.000567386501

pentamer_randrand_train_1000-483
-382.031169702131 0.000000000000 0.000000000000
-381.871083681598 0.160086020533 0.160086020533
-381.867916957809 0.163252744321 0.003166723788
-381.868037956767 0.163131745363 -0.000120998958

pentamer_randrand_train_1000-484
-382.040113953065 0.000000000000 0.000000000000
-381.837641847847 0.202472105218 0.202472105218
-381.836607746556 0.203506206509 0.001034101291
-381.836616363572 0.203497589493 -0.000008617016

pentamer_randrand_train_1000-485
-382.030306426776 0.000000000000 0.000000000000
-381.645244972312 0.385061454464 0.385061454464
-381.676547206384 0.353759220392 -0.031302234072
-381.672322469057 0.357983957719 0.004224737327

pentamer_randrand_train_1000-486
-382.037111695682 0.000000000000 0.000000000000
-381.869312520276 0.167799175405 0.167799175405
-381.873510773913 0.163600921769 -0.004198253636
-381.873771675925 0.163340019756 -0.000260902013

pentamer_randrand_train_1000-487
-382.037360413297 0.000000000000 0.000000000000
-381.994490232500 0.042870180797 0.042870180797
-381.994410782751 0.042949630546 0.000079449749
-381.994449816347 0.042910596951 -0.000039033596

pentamer_randrand_train_1000-488
-382.030595493574 0.000000000000 0.000000000000
-382.016566875060 0.014028618514 0.014028618514
-382.016433216173 0.014162277401 0.000133658886
-382.016398836080 0.014196657494 0.000034380093

pentamer_randrand_train_1000-489
-382.021334783724 0.000000000000 0.000000000000
-381.997710574783 0.023624208941 0.023624208941
-381.996131077668 0.025203706056 0.001579497115
-381.996269279565 0.025065504159 -0.000138201897

pentamer_randrand_train_1000-490
-382.033743210057 0.000000000000 0.000000000000
-381.913694076770 0.120049133288 0.120049133288
-381.914334365288 0.119408844770 -0.000640288518
-381.914232676262 0.119510533795 0.000101689026

pentamer_randrand_train_1000-491
-382.028551767996 0.000000000000 0.000000000000
-381.853143278396 0.175408489600 0.175408489600
-381.851462583899 0.177089184097 0.001680694497
-381.851331761055 0.177220006940 0.000130822844

pentamer_randrand_train_1000-492
-382.024101139147 0.000000000000 0.000000000000
-381.993208605857 0.030892533290 0.030892533290
-381.991578500018 0.032522639128 0.001630105839
-381.991535084335 0.032566054812 0.000043415684

pentamer_randrand_train_1000-493
-382.031548731270 0.000000000000 0.000000000000
-381.649901369252 0.381647362018 0.381647362018
-381.652466678251 0.379082053019 -0.002565308999
-381.652888147314 0.378660583957 -0.000421469062

pentamer_randrand_train_1000-494
-382.033363661215 0.000000000000 0.000000000000
-382.040292597118 -0.006928935903 -0.006928935903
-382.040472279652 -0.007108618437 -0.000179682534
-382.040450855339 -0.007087194124 0.000021424313

pentamer_randrand_train_1000-495
-382.030466317836 0.000000000000 0.000000000000
-382.005777696197 0.024688621639 0.024688621639
-382.006770380528 0.023695937307 -0.000992684331
-382.006823399486 0.023642918349 -0.000053018958

pentamer_randrand_train_1000-496
-382.039929103986 0.000000000000 0.000000000000
-381.961499579571 0.078429524415 0.078429524415
-381.962934541967 0.076994562019 -0.001434962396
-381.962864020830 0.077065083156 0.000070521137

pentamer_randrand_train_1000-497
-382.038686106240 0.000000000000 0.000000000000
-381.910534490007 0.128151616233 0.128151616233
-381.913138852684 0.125547253556 -0.002604362677
-381.913606554145 0.125079552095 -0.000467701461

pentamer_randrand_train_1000-498
-382.036584497165 0.000000000000 0.000000000000
-381.963322430908 0.073262066257 0.073262066257
-381.961524886918 0.075059610247 0.001797543990
-381.962266472553 0.074318024612 -0.000741585634

pentamer_randrand_train_1000-499
-382.025707270127 0.000000000000 0.000000000000
-381.784899974813 0.240807295314 0.240807295314
-381.795160161390 0.230547108736 -0.010260186577
-381.795086372670 0.230620897457 0.000073788720

pentamer_randrand_train_1000-500
-382.028144232456 0.000000000000 0.000000000000
-381.938931567975 0.089212664482 0.089212664482
-381.940939066019 0.087205166437 -0.002007498044
-381.940842831106 0.087301401350 0.000096234913
pentamer_sub5_f7_1000_1000-1
-382.043443730584 0.000000000000 0.000000000000
-382.088366981319 -0.044923250735 -0.044923250735
-382.091018749957 -0.047575019373 -0.002651768638
-382.091047530105 -0.047603799522 -0.000028780148

pentamer_sub5_f7_1000_1000-2
-382.043368172081 0.000000000000 0.000000000000
-382.094117636611 -0.050749464530 -0.050749464530
-382.105850928648 -0.062482756567 -0.011733292037
-382.106668938893 -0.063300766812 -0.000818010245

pentamer_sub5_f7_1000_1000-3
-382.043039849350 0.000000000000 0.000000000000
-382.085037244358 -0.041997395008 -0.041997395008
-382.089148109643 -0.046108260293 -0.004110865285
-382.089172506547 -0.046132657197 -0.000024396904

pentamer_sub5_f7_1000_1000-4
-382.043436576192 0.000000000000 0.000000000000
-382.087721189233 -0.044284613041 -0.044284613041
-382.093665247740 -0.050228671548 -0.005944058507
-382.093754337320 -0.050317761128 -0.000089089580

pentamer_sub5_f7_1000_1000-5
-382.043108253547 0.000000000000 0.000000000000
-382.079743640130 -0.036635386584 -0.036635386584
-382.082291409882 -0.039183156335 -0.002547769752
-382.082299150195 -0.039190896648 -0.000007740313

pentamer_sub5_f7_1000_1000-6
-382.043032695027 0.000000000000 0.000000000000
-382.084425735675 -0.041393040648 -0.041393040648
-382.090588842649 -0.047556147622 -0.006163106974
-382.090887750072 -0.047855055045 -0.000298907423

pentamer_sub5_f7_1000_1000-7
-382.043681677961 0.000000000000 0.000000000000
-382.090783752751 -0.047102074790 -0.047102074790
-382.095679288263 -0.051997610301 -0.004895535511
-382.095806602887 -0.052124924926 -0.000127314625

pentamer_sub5_f7_1000_1000-8
-382.043353355294 0.000000000000 0.000000000000
-382.093994326374 -0.050640971080 -0.050640971080
-382.096175557025 -0.052822201731 -0.002181230651
-382.095733715440 -0.052380360146 0.000441841586

pentamer_sub5_f7_1000_1000-9
-382.043277796740 0.000000000000 0.000000000000
-382.093719482780 -0.050441686040 -0.050441686040
-382.098295029436 -0.055017232696 -0.004575546655
-382.098491741236 -0.055213944496 -0.000196711801

pentamer_sub5_f7_1000_1000-10
-382.043346200859 0.000000000000 0.000000000000
-382.099579593475 -0.056233392616 -0.056233392616
-382.110617646801 -0.067271445943 -0.011038053327
-382.111383869535 -0.068037668676 -0.000766222734

pentamer_sub5_f7_1000_1000-11
-382.043732654758 0.000000000000 0.000000000000
-382.085153614188 -0.041420959430 -0.041420959430
-382.091922098409 -0.048189443651 -0.006768484221
-382.092133516123 -0.048400861365 -0.000211417714

pentamer_sub5_f7_1000_1000-12
-382.043404332084 0.000000000000 0.000000000000
-382.084900252443 -0.041495920359 -0.041495920359
-382.090467783501 -0.047063451417 -0.005567531058
-382.090610821057 -0.047206488973 -0.000143037556

pentamer_sub5_f7_1000_1000-13
-382.043328773612 0.000000000000 0.000000000000
-382.091739872443 -0.048411098831 -0.048411098831
-382.097142215284 -0.053813441672 -0.005402342841
-382.097089892241 -0.053761118629 0.000052323043

pentamer_sub5_f7_1000_1000-14
-382.043397177753 0.000000000000 0.000000000000
-382.093437238668 -0.050040060915 -0.050040060915
-382.102666163938 -0.059268986185 -0.009228925270
-382.103307292022 -0.059910114269 -0.000641128084

pentamer_sub5_f7_1000_1000-15
-382.043642279519 0.000000000000 0.000000000000
-382.095852349854 -0.052210070335 -0.052210070335
-382.104741458129 -0.061099178610 -0.008889108275
-382.105209802808 -0.061567523289 -0.000468344680

pentamer_sub5_f7_1000_1000-16
-382.043828917617 0.000000000000 0.000000000000
-382.081420277184 -0.037591359567 -0.037591359567
-382.084876117328 -0.041047199711 -0.003455840145
-382.084763273107 -0.040934355490 0.000112844221

pentamer_sub5_f7_1000_1000-17
-382.043500594925 0.000000000000 0.000000000000
-382.085868909877 -0.042368314952 -0.042368314952
-382.088847584751 -0.045346989826 -0.002978674874
-382.088668391416 -0.045167796491 0.000179193335

pentamer_sub5_f7_1000_1000-18
-382.043425036414 0.000000000000 0.000000000000
-382.090836602710 -0.047411566296 -0.047411566296
-382.093124004260 -0.049698967846 -0.002287401551
-382.093145955997 -0.049720919583 -0.000021951736

pentamer_sub5_f7_1000_1000-19
-382.043493440541 0.000000000000 0.000000000000
-382.080350307206 -0.036856866664 -0.036856866664
-382.082483835559 -0.038990395018 -0.002133528354
-382.082406581092 -0.038913140550 0.000077254468

pentamer_sub5_f7_1000_1000-20
-382.043738542317 0.000000000000 0.000000000000
-382.089879465856 -0.046140923539 -0.046140923539
-382.091177528369 -0.047438986053 -0.001298062514
-382.090959878912 -0.047221336595 0.000217649457

pentamer_sub5_f7_1000_1000-21
-382.043789519103 0.000000000000 0.000000000000
-382.091448774947 -0.047659255845 -0.047659255845
-382.095697829891 -0.051908310788 -0.004249054944
-382.095530557881 -0.051741038778 0.000167272010

pentamer_sub5_f7_1000_1000-22
-382.043435372476 0.000000000000 0.000000000000
-382.095661406359 -0.052226033883 -0.052226033883
-382.104848265790 -0.061412893315 -0.009186859432
-382.105289097472 -0.061853724997 -0.000440831682

pentamer_sub5_f7_1000_1000-23
-382.043678813219 0.000000000000 0.000000000000
-382.096915786487 -0.053236973268 -0.053236973268
-382.107022562612 -0.063343749394 -0.010106776126
-382.107659388912 -0.063980575694 -0.000636826300

pentamer_sub5_f7_1000_1000-24
-382.043298467571 0.000000000000 0.000000000000
-382.094464320930 -0.051165853359 -0.051165853359
-382.103056638947 -0.059758171376 -0.008592318017
-382.103531354526 -0.060232886955 -0.000474715579

pentamer_sub5_f7_1000_1000-25
-382.043436302999 0.000000000000 0.000000000000
-382.086302155388 -0.042865852389 -0.042865852389
-382.091506462038 -0.048070159039 -0.005204306650
-382.091729517101 -0.048293214102 -0.000223055064

pentamer_sub5_f7_1000_1000-26
-382.043055957476 0.000000000000 0.000000000000
-382.085073859967 -0.042017902491 -0.042017902491
-382.092617566805 -0.049561609329 -0.007543706838
-382.092995262436 -0.049939304960 -0.000377695631

pentamer_sub5_f7_1000_1000-27
-382.043299398253 0.000000000000 0.000000000000
-382.086834556267 -0.043535158014 -0.043535158014
-382.090580287178 -0.047280888926 -0.003745730911
-382.090839190522 -0.047539792269 -0.000258903344

pentamer_sub5_f7_1000_1000-28
-382.043799629042 0.000000000000 0.000000000000
-382.083951016583 -0.040151387541 -0.040151387541
-382.089643842114 -0.045844213072 -0.005692825531
-382.089822204834 -0.046022575793 -0.000178362720

pentamer_sub5_f7_1000_1000-29
-382.043419283490 0.000000000000 0.000000000000
-382.094223170867 -0.050803887377 -0.050803887377
-382.100427666314 -0.057008382823 -0.006204495446
-382.100390060217 -0.056970776727 0.000037606096

pentamer_sub5_f7_1000_1000-30
-382.043662724228 0.000000000000 0.000000000000
-382.090182993804 -0.046520269576 -0.046520269576
-382.094122422459 -0.050459698232 -0.003939428656
-382.094246317991 -0.050583593763 -0.000123895531

pentamer_sub5_f7_1000_1000-31
-382.043420214052 0.000000000000 0.000000000000
-382.091217723056 -0.047797509005 -0.047797509005
-382.102617390085 -0.059197176034 -0.011399667029
-382.103599383002 -0.060179168951 -0.000981992917

pentamer_sub5_f7_1000_1000-32
-382.043886561341 0.000000000000 0.000000000000
-382.080891889627 -0.037005328286 -0.037005328286
-382.083028993072 -0.039142431731 -0.002137103445
-382.082921576487 -0.039035015146 0.000107416585

pentamer_sub5_f7_1000_1000-33
-382.043506215780 0.000000000000 0.000000000000
-382.085790348092 -0.042284132313 -0.042284132313
-382.091636380739 -0.048130164960 -0.005846032647
-382.091803684532 -0.048297468752 -0.000167303792

pentamer_sub5_f7_1000_1000-34
-382.043749656519 0.000000000000 0.000000000000
-382.094412813064 -0.050663156545 -0.050663156545
-382.096887566733 -0.053137910214 -0.002474753669
-382.096584182078 -0.052834525559 0.000303384655

pentamer_sub5_f7_1000_1000-35
-382.043507146323 0.000000000000 0.000000000000
-382.086851693486 -0.043344547163 -0.043344547163
-382.089000594495 -0.045493448172 -0.002148901010
-382.089132285143 -0.045625138820 -0.000131690647

pentamer_sub5_f7_1000_1000-36
-382.043870472410 0.000000000000 0.000000000000
-382.083744504722 -0.039874032311 -0.039874032311
-382.087916889162 -0.044046416751 -0.004172384440
-382.087812325205 -0.043941852795 0.000104563956

pentamer_sub5_f7_1000_1000-37
-382.043405135240 0.000000000000 0.000000000000
-382.083594964921 -0.040189829681 -0.040189829681
-382.085980301185 -0.042575165945 -0.002385336264
-382.085783776974 -0.042378641734 0.000196524212

pentamer_sub5_f7_1000_1000-38
-382.043024789605 0.000000000000 0.000000000000
-382.090608603314 -0.047583813709 -0.047583813709
-382.095556776892 -0.052531987288 -0.004948173579
-382.095548932890 -0.052524143285 0.000007844002

pentamer_sub5_f7_1000_1000-39
-382.043268230347 0.000000000000 0.000000000000
-382.090989863838 -0.047721633491 -0.047721633491
-382.092743429673 -0.049475199326 -0.001753565835
-382.092643477266 -0.049375246919 0.000099952407

pentamer_sub5_f7_1000_1000-40
-382.043025720217 0.000000000000 0.000000000000
-382.083263647628 -0.040237927411 -0.040237927411
-382.086434329123 -0.043408608906 -0.003170681495
-382.086432458591 -0.043406738374 0.000001870532

pentamer_sub5_f7_1000_1000-41
-382.043389046255 0.000000000000 0.000000000000
-382.092081925221 -0.048692878967 -0.048692878967
-382.094876624616 -0.051487578361 -0.002794699394
-382.094852259612 -0.051463213357 0.000024365004

pentamer_sub5_f7_1000_1000-42
-382.043475978584 0.000000000000 0.000000000000
-382.089164342697 -0.045688364113 -0.045688364113
-382.092759205278 -0.049283226695 -0.003594862581
-382.092511493192 -0.049035514609 0.000247712086

pentamer_sub5_f7_1000_1000-43
-382.043252410065 0.000000000000 0.000000000000
-382.085855178260 -0.042602768195 -0.042602768195
-382.091153441156 -0.047901031091 -0.005298262896
-382.091225317103 -0.047972907038 -0.000071875947

pentamer_sub5_f7_1000_1000-44
-382.043403884409 0.000000000000 0.000000000000
-382.093397892582 -0.049994008173 -0.049994008173
-382.105459604890 -0.062055720481 -0.012061712308
-382.106300610075 -0.062896725667 -0.000841005185

pentamer_sub5_f7_1000_1000-45
-382.043068632399 0.000000000000 0.000000000000
-382.084453968908 -0.041385336509 -0.041385336509
-382.089276304373 -0.046207671974 -0.004822335465
-382.089361362078 -0.046292729679 -0.000085057705

pentamer_sub5_f7_1000_1000-46
-382.043215637253 0.000000000000 0.000000000000
-382.083812341798 -0.040596704546 -0.040596704546
-382.091371769180 -0.048156131927 -0.007559427382
-382.091655747757 -0.048440110504 -0.000283978577

pentamer_sub5_f7_1000_1000-47
-382.042880385114 0.000000000000 0.000000000000
-382.076432447342 -0.033552062228 -0.033552062228
-382.081577038257 -0.038696653144 -0.005144590916
-382.081739477561 -0.038859092448 -0.000162439304

pentamer_sub5_f7_1000_1000-48
-382.043031859518 0.000000000000 0.000000000000
-382.083590565403 -0.040558705884 -0.040558705884
-382.090064699495 -0.047032839977 -0.006474134093
-382.090440529392 -0.047408669873 -0.000375829896

pentamer_sub5_f7_1000_1000-49
-382.043485008155 0.000000000000 0.000000000000
-382.087125043756 -0.043640035601 -0.043640035601
-382.093808718397 -0.050323710242 -0.006683674641
-382.094130995359 -0.050645987204 -0.000322276962

pentamer_sub5_f7_1000_1000-50
-382.043149756032 0.000000000000 0.000000000000
-382.091342036990 -0.048192280957 -0.048192280957
-382.096297203078 -0.053147447046 -0.004955166089
-382.096080371224 -0.052930615192 0.000216831854

pentamer_sub5_f7_1000_1000-51
-382.043301230426 0.000000000000 0.000000000000
-382.093062726142 -0.049761495716 -0.049761495716
-382.098406543152 -0.055105312726 -0.005343817010
-382.098657413340 -0.055356182914 -0.000250870188

pentamer_sub5_f7_1000_1000-52
-382.043112983182 0.000000000000 0.000000000000
-382.095405719994 -0.052292736811 -0.052292736811
-382.108167843765 -0.065054860583 -0.012762123772
-382.109167934922 -0.066054951739 -0.001000091157

pentamer_sub5_f7_1000_1000-53
-382.043686573477 0.000000000000 0.000000000000
-382.078698312976 -0.035011739499 -0.035011739499
-382.083190073381 -0.039503499904 -0.004491760405
-382.083221325281 -0.039534751804 -0.000031251900

pentamer_sub5_f7_1000_1000-54
-382.043351321408 0.000000000000 0.000000000000
-382.078464535673 -0.035113214265 -0.035113214265
-382.082217887378 -0.038866565969 -0.003753351705
-382.082231427076 -0.038880105668 -0.000013539698

pentamer_sub5_f7_1000_1000-55
-382.043502795743 0.000000000000 0.000000000000
-382.091216388120 -0.047713592377 -0.047713592377
-382.095950996334 -0.052448200591 -0.004734608214
-382.095849885473 -0.052347089731 0.000101110861

pentamer_sub5_f7_1000_1000-56
-382.043314548568 0.000000000000 0.000000000000
-382.085964184701 -0.042649636133 -0.042649636133
-382.091492870563 -0.048178321995 -0.005528685862
-382.091740394959 -0.048425846391 -0.000247524396

pentamer_sub5_f7_1000_1000-57
-382.043583919419 0.000000000000 0.000000000000
-382.088158008914 -0.044574089495 -0.044574089495
-382.093539409830 -0.049955490411 -0.005381400916
-382.093600260700 -0.050016341281 -0.000060850871

pentamer_sub5_f7_1000_1000-58
-382.043525071132 0.000000000000 0.000000000000
-382.083666278736 -0.040141207604 -0.040141207604
-382.086834277534 -0.043309206403 -0.003167998798
-382.086723339461 -0.043198268329 0.000110938074

pentamer_sub5_f7_1000_1000-59
-382.043189819106 0.000000000000 0.000000000000
-382.089371680197 -0.046181861090 -0.046181861090
-382.093416824912 -0.050227005806 -0.004045144716
-382.093319953650 -0.050130134544 0.000096871262

pentamer_sub5_f7_1000_1000-60
-382.043341293458 0.000000000000 0.000000000000
-382.091271553100 -0.047930259642 -0.047930259642
-382.093434007818 -0.050092714360 -0.002162454717
-382.093458375512 -0.050117082054 -0.000024367694

pentamer_sub5_f7_1000_1000-61
-382.043153046231 0.000000000000 0.000000000000
-382.082628872564 -0.039475826333 -0.039475826333
-382.085666124173 -0.042513077942 -0.003037251609
-382.085688204945 -0.042535158714 -0.000022080772

pentamer_sub5_f7_1000_1000-62
-382.043422417185 0.000000000000 0.000000000000
-382.092775405144 -0.049352987959 -0.049352987959
-382.095245214011 -0.051822796826 -0.002469808868
-382.095183008981 -0.051760591796 0.000062205030

pentamer_sub5_f7_1000_1000-63
-382.043623982502 0.000000000000 0.000000000000
-382.089472504084 -0.045848521582 -0.045848521582
-382.093171277337 -0.049547294835 -0.003698773253
-382.092915495365 -0.049291512863 0.000255781972

pentamer_sub5_f7_1000_1000-64
-382.043301381744 0.000000000000 0.000000000000
-382.097367850936 -0.054066469192 -0.054066469192
-382.107473368714 -0.064171986970 -0.010105517778
-382.108108344931 -0.064806963188 -0.000634976217

pentamer_sub5_f7_1000_1000-65
-382.043383958022 0.000000000000 0.000000000000
-382.094228912464 -0.050844954442 -0.050844954442
-382.104265376095 -0.060881418073 -0.010036463631
-382.104793412822 -0.061409454800 -0.000528036727

pentamer_sub5_f7_1000_1000-66
-382.042989566288 0.000000000000 0.000000000000
-382.094492170934 -0.051502604646 -0.051502604646
-382.104753990883 -0.061764424595 -0.010261819950
-382.105488150016 -0.062498583728 -0.000734159132

pentamer_sub5_f7_1000_1000-67
-382.043363076820 0.000000000000 0.000000000000
-382.088681208938 -0.045318132118 -0.045318132118
-382.090025723367 -0.046662646547 -0.001344514429
-382.089487728589 -0.046124651769 0.000537994778

pentamer_sub5_f7_1000_1000-68
-382.042968685029 0.000000000000 0.000000000000
-382.085567344231 -0.042598659202 -0.042598659202
-382.092080016817 -0.049111331788 -0.006512672586
-382.092336909944 -0.049368224915 -0.000256893127

pentamer_sub5_f7_1000_1000-69
-382.043051261356 0.000000000000 0.000000000000
-382.081559808904 -0.038508547548 -0.038508547548
-382.082518771774 -0.039467510418 -0.000958962870
-382.082509341709 -0.039458080353 0.000009430065

pentamer_sub5_f7_1000_1000-70
-382.043761302236 0.000000000000 0.000000000000
-382.084575094300 -0.040813792065 -0.040813792065
-382.085861192859 -0.042099890623 -0.001286098559
-382.085642859444 -0.041881557208 0.000218333415

pentamer_sub5_f7_1000_1000-71
-382.043366910561 0.000000000000 0.000000000000
-382.091464830358 -0.048097919797 -0.048097919797
-382.095784135533 -0.052417224973 -0.004319305176
-382.095634825949 -0.052267915389 0.000149309584

pentamer_sub5_f7_1000_1000-72
-382.043449486812 0.000000000000 0.000000000000
-382.082633279394 -0.039183792581 -0.039183792581
-382.083404716194 -0.039955229382 -0.000771436800
-382.083350727204 -0.039901240392 0.000053988989

pentamer_sub5_f7_1000_1000-73
-382.043428605624 0.000000000000 0.000000000000
-382.087786351663 -0.044357746040 -0.044357746040
-382.093654561863 -0.050225956239 -0.005868210199
-382.093634891309 -0.050206285686 0.000019670554

pentamer_sub5_f7_1000_1000-74
-382.043692042124 0.000000000000 0.000000000000
-382.084651509379 -0.040959467256 -0.040959467256
-382.088575394944 -0.044883352820 -0.003923885564
-382.088531375956 -0.044839333832 0.000044018988

pentamer_sub5_f7_1000_1000-75
-382.043297650393 0.000000000000 0.000000000000
-382.085632988661 -0.042335338268 -0.042335338268
-382.092413774462 -0.049116124069 -0.006780785801
-382.092644328483 -0.049346678090 -0.000230554021

pentamer_sub5_f7_1000_1000-76
-382.043380226731 0.000000000000 0.000000000000
-382.089155841942 -0.045775615211 -0.045775615211
-382.092377631516 -0.048997404786 -0.003221789574
-382.092378905839 -0.048998679109 -0.000001274323

pentamer_sub5_f7_1000_1000-77
-382.043359345462 0.000000000000 0.000000000000
-382.088779482896 -0.045420137435 -0.045420137435
-382.092486542841 -0.049127197380 -0.003707059945
-382.092427086893 -0.049067741432 0.000059455948

pentamer_sub5_f7_1000_1000-78
-382.043757570883 0.000000000000 0.000000000000
-382.082449531191 -0.038691960308 -0.038691960308
-382.087351524231 -0.043593953349 -0.004901993040
-382.087212008083 -0.043454437200 0.000139516148

pentamer_sub5_f7_1000_1000-79
-382.043533827990 0.000000000000 0.000000000000
-382.091100239090 -0.047566411100 -0.047566411100
-382.094196658771 -0.050662830780 -0.003096419681
-382.094082609209 -0.050548781218 0.000114049562

pentamer_sub5_f7_1000_1000-80
-382.043139436257 0.000000000000 0.000000000000
-382.091276704905 -0.048137268648 -0.048137268648
-382.096056613323 -0.052917177066 -0.004779908418
-382.096002272976 -0.052862836719 0.000054340347

pentamer_sub5_f7_1000_1000-81
-382.043222012536 0.000000000000 0.000000000000
-382.090199692002 -0.046977679466 -0.046977679466
-382.093311152402 -0.050089139866 -0.003111460399
-382.093331041600 -0.050109029064 -0.000019889198

pentamer_sub5_f7_1000_1000-82
-382.043201131284 0.000000000000 0.000000000000
-382.088544440699 -0.045343309416 -0.045343309416
-382.093154684124 -0.049953552841 -0.004610243425
-382.092989691347 -0.049788560063 0.000164992778

pentamer_sub5_f7_1000_1000-83
-382.043599356796 0.000000000000 0.000000000000
-382.095956707089 -0.052357350293 -0.052357350293
-382.099177187673 -0.055577830877 -0.003220480583
-382.099046929980 -0.055447573184 0.000130257692

pentamer_sub5_f7_1000_1000-84
-382.043530096645 0.000000000000 0.000000000000
-382.096340263094 -0.052810166449 -0.052810166449
-382.105357323738 -0.061827227093 -0.009017060644
-382.105575761201 -0.062045664556 -0.000218437463

pentamer_sub5_f7_1000_1000-85
-382.043467246727 0.000000000000 0.000000000000
-382.096604767096 -0.053137520369 -0.053137520369
-382.105363917686 -0.061896670958 -0.008759150590
-382.105556079708 -0.062088832981 -0.000192162022

pentamer_sub5_f7_1000_1000-86
-382.043168209108 0.000000000000 0.000000000000
-382.089160768315 -0.045992559208 -0.045992559208
-382.093828535033 -0.050660325925 -0.004667766718
-382.093600635357 -0.050432426249 0.000227899676

pentamer_sub5_f7_1000_1000-87
-382.043319681686 0.000000000000 0.000000000000
-382.089189259257 -0.045869577571 -0.045869577571
-382.092615279151 -0.049295597464 -0.003426019893
-382.092485708770 -0.049166027084 0.000129570381

pentamer_sub5_f7_1000_1000-88
-382.043516798246 0.000000000000 0.000000000000
-382.095779285299 -0.052262487053 -0.052262487053
-382.099029405583 -0.055512607336 -0.003250120283
-382.098962458610 -0.055445660364 0.000066946972

pentamer_sub5_f7_1000_1000-89
-382.043668270866 0.000000000000 0.000000000000
-382.081967921413 -0.038299650547 -0.038299650547
-382.086676937246 -0.043008666380 -0.004709015833
-382.086567149175 -0.042898878309 0.000109788070

pentamer_sub5_f7_1000_1000-90
-382.043369233228 0.000000000000 0.000000000000
-382.087726024321 -0.044356791093 -0.044356791093
-382.093691933466 -0.050322700238 -0.005965909145
-382.093711369642 -0.050342136414 -0.000019436176

pentamer_sub5_f7_1000_1000-91
-382.043458180839 0.000000000000 0.000000000000
-382.090236503589 -0.046778322749 -0.046778322749
-382.091955673648 -0.048497492808 -0.001719170059
-382.091374512431 -0.047916331591 0.000581161217

pentamer_sub5_f7_1000_1000-92
-382.043609653370 0.000000000000 0.000000000000
-382.082348299811 -0.038738646441 -0.038738646441
-382.083578435034 -0.039968781663 -0.001230135222
-382.083332541729 -0.039722888358 0.000245893305

pentamer_sub5_f7_1000_1000-93
-382.043310615813 0.000000000000 0.000000000000
-382.091499701004 -0.048189085191 -0.048189085191
-382.094755775937 -0.051445160124 -0.003256074933
-382.094828644456 -0.051518028643 -0.000072868519

pentamer_sub5_f7_1000_1000-94
-382.043659204909 0.000000000000 0.000000000000
-382.084925962602 -0.041266757693 -0.041266757693
-382.088717520531 -0.045058315622 -0.003791557929
-382.088662312310 -0.045003107401 0.000055208221

pentamer_sub5_f7_1000_1000-95
-382.043182976779 0.000000000000 0.000000000000
-382.088965506689 -0.045782529910 -0.045782529910
-382.089592776777 -0.046409799998 -0.000627270088
-382.089628097191 -0.046445120412 -0.000035320414

pentamer_sub5_f7_1000_1000-96
-382.043334449348 0.000000000000 0.000000000000
-382.082729264242 -0.039394814893 -0.039394814893
-382.085972853845 -0.042638404497 -0.003243589604
-382.085926246764 -0.042591797416 0.000046607081

pentamer_sub5_f7_1000_1000-97
-382.043035411767 0.000000000000 0.000000000000
-382.083396336575 -0.040360924807 -0.040360924807
-382.086668047463 -0.043632635695 -0.003271710888
-382.086646420382 -0.043611008615 0.000021627081

pentamer_sub5_f7_1000_1000-98
-382.043384000911 0.000000000000 0.000000000000
-382.089704483475 -0.046320482564 -0.046320482564
-382.090267635407 -0.046883634497 -0.000563151932
-382.090271874607 -0.046887873696 -0.000004239199

pentamer_sub5_f7_1000_1000-99
-382.043325383495 0.000000000000 0.000000000000
-382.094487868894 -0.051162485399 -0.051162485399
-382.104675509429 -0.061350125934 -0.010187640535
-382.105322432228 -0.061997048733 -0.000646922799

pentamer_sub5_f7_1000_1000-100
-382.043080450401 0.000000000000 0.000000000000
-382.094088243658 -0.051007793257 -0.051007793257
-382.102552491978 -0.059472041577 -0.008464248320
-382.102955009119 -0.059874558718 -0.000402517141

pentamer_sub5_f7_1000_1000-101
-382.043231922972 0.000000000000 0.000000000000
-382.094547553979 -0.051315631006 -0.051315631006
-382.103534083850 -0.060302160877 -0.008986529871
-382.103941873226 -0.060709950254 -0.000407789376

pentamer_sub5_f7_1000_1000-102
-382.042932885389 0.000000000000 0.000000000000
-382.081818366628 -0.038885481239 -0.038885481239
-382.083963625697 -0.041030740307 -0.002145259068
-382.083708336713 -0.040775451323 0.000255288984

pentamer_sub5_f7_1000_1000-103
-382.043281474509 0.000000000000 0.000000000000
-382.083029287898 -0.039747813389 -0.039747813389
-382.084723698583 -0.041442224074 -0.001694410685
-382.084407104784 -0.041125630276 0.000316593799

pentamer_sub5_f7_1000_1000-104
-382.043222857090 0.000000000000 0.000000000000
-382.097110841431 -0.053887984341 -0.053887984341
-382.107048799440 -0.063825942350 -0.009937958009
-382.107606728244 -0.064383871154 -0.000557928804

pentamer_sub5_f7_1000_1000-105
-382.042947653035 0.000000000000 0.000000000000
-382.094511685858 -0.051564032824 -0.051564032824
-382.104678651395 -0.061730998360 -0.010166965537
-382.105343655245 -0.062396002210 -0.000665003850

pentamer_sub5_f7_1000_1000-106
-382.043219859881 0.000000000000 0.000000000000
-382.081932017100 -0.038712157220 -0.038712157220
-382.087785104703 -0.044565244822 -0.005853087602
-382.087943545866 -0.044723685986 -0.000158441164

pentamer_sub5_f7_1000_1000-107
-382.043605238292 0.000000000000 0.000000000000
-382.086841708724 -0.043236470432 -0.043236470432
-382.091770488438 -0.048165250146 -0.004928779714
-382.091902239824 -0.048297001531 -0.000131751386

pentamer_sub5_f7_1000_1000-108
-382.043545329012 0.000000000000 0.000000000000
-382.075273929166 -0.031728600154 -0.031728600154
-382.077411575538 -0.033866246526 -0.002137646373
-382.077285870962 -0.033740541950 0.000125704576

pentamer_sub5_f7_1000_1000-109
-382.043426226500 0.000000000000 0.000000000000
-382.089651919813 -0.046225693313 -0.046225693313
-382.095087599734 -0.051661373234 -0.005435679921
-382.095155458050 -0.051729231549 -0.000067858316

pentamer_sub5_f7_1000_1000-110
-382.043366317193 0.000000000000 0.000000000000
-382.088818103612 -0.045451786419 -0.045451786419
-382.092729158931 -0.049362841737 -0.003911055319
-382.092528929156 -0.049162611963 0.000200229775

pentamer_sub5_f7_1000_1000-111
-382.043751695639 0.000000000000 0.000000000000
-382.097747587671 -0.053995892032 -0.053995892032
-382.105277957336 -0.061526261697 -0.007530369665
-382.105506713613 -0.061755017974 -0.000228756277

pentamer_sub5_f7_1000_1000-112
-382.043593118993 0.000000000000 0.000000000000
-382.091837577530 -0.048244458537 -0.048244458537
-382.100598756586 -0.057005637593 -0.008761179056
-382.101118900309 -0.057525781316 -0.000520143723

pentamer_sub5_f7_1000_1000-113
-382.043533209710 0.000000000000 0.000000000000
-382.075702054198 -0.032168844488 -0.032168844488
-382.078215846386 -0.034682636676 -0.002513792188
-382.078116081181 -0.034582871471 0.000099765205

pentamer_sub5_f7_1000_1000-114
-382.043918588136 0.000000000000 0.000000000000
-382.080469253204 -0.036550665068 -0.036550665068
-382.084002504718 -0.040083916581 -0.003533251513
-382.083925643291 -0.040007055154 0.000076861427

pentamer_sub5_f7_1000_1000-115
-382.043739576357 0.000000000000 0.000000000000
-382.090457902202 -0.046718325845 -0.046718325845
-382.097685382694 -0.053945806337 -0.007227480492
-382.097781459398 -0.054041883041 -0.000096076705

pentamer_sub5_f7_1000_1000-116
-382.043164233844 0.000000000000 0.000000000000
-382.083115290425 -0.039951056581 -0.039951056581
-382.089769956227 -0.046605722383 -0.006654665802
-382.090204470080 -0.047040236236 -0.000434513853

pentamer_sub5_f7_1000_1000-117
-382.043104324571 0.000000000000 0.000000000000
-382.079835355335 -0.036731030764 -0.036731030764
-382.080220732353 -0.037116407782 -0.000385377019
-382.080209836709 -0.037105512138 0.000010895644

pentamer_sub5_f7_1000_1000-118
-382.043489702904 0.000000000000 0.000000000000
-382.087743727476 -0.044254024572 -0.044254024572
-382.095851596577 -0.052361893673 -0.008107869101
-382.096639948410 -0.053150245506 -0.000788351833

pentamer_sub5_f7_1000_1000-119
-382.043310691177 0.000000000000 0.000000000000
-382.091729987627 -0.048419296449 -0.048419296449
-382.099769527826 -0.056458836649 -0.008039540199
-382.100237938237 -0.056927247060 -0.000468410411

pentamer_sub5_f7_1000_1000-120
-382.043477583643 0.000000000000 0.000000000000
-382.086687945096 -0.043210361453 -0.043210361453
-382.089780039918 -0.046302456275 -0.003092094822
-382.089538481597 -0.046060897954 0.000241558321

pentamer_sub5_f7_1000_1000-121
-382.043518673505 0.000000000000 0.000000000000
-382.092476983034 -0.048958309529 -0.048958309529
-382.100577982058 -0.057059308553 -0.008100999024
-382.101166590534 -0.057647917030 -0.000588608477

pentamer_sub5_f7_1000_1000-122
-382.043458764165 0.000000000000 0.000000000000
-382.088286005102 -0.044827240937 -0.044827240937
-382.090188858916 -0.046730094751 -0.001902853814
-382.090083150005 -0.046624385840 0.000105708911

pentamer_sub5_f7_1000_1000-123
-382.043844142601 0.000000000000 0.000000000000
-382.087916039531 -0.044071896930 -0.044071896930
-382.088796934478 -0.044952791877 -0.000880894947
-382.088625457882 -0.044781315281 0.000171476596

pentamer_sub5_f7_1000_1000-124
-382.043665130835 0.000000000000 0.000000000000
-382.098738547360 -0.055073416525 -0.055073416525
-382.104919070746 -0.061253939911 -0.006180523387
-382.104985730585 -0.061320599750 -0.000066659839

pentamer_sub5_f7_1000_1000-125
-382.043832023381 0.000000000000 0.000000000000
-382.097042479792 -0.053210456411 -0.053210456411
-382.105359515038 -0.061527491657 -0.008317035246
-382.105583336278 -0.061751312898 -0.000223821240

pentamer_sub5_f7_1000_1000-126
-382.043403138160 0.000000000000 0.000000000000
-382.088881707262 -0.045478569102 -0.045478569102
-382.089296718531 -0.045893580371 -0.000415011269
-382.088873408651 -0.045470270491 0.000423309880

pentamer_sub5_f7_1000_1000-127
-382.043589843133 0.000000000000 0.000000000000
-382.091906397213 -0.048316554080 -0.048316554080
-382.100672427516 -0.057082584383 -0.008766030303
-382.101193307560 -0.057603464427 -0.000520880044

pentamer_sub5_f7_1000_1000-128
-382.043422825749 0.000000000000 0.000000000000
-382.089621219669 -0.046198393920 -0.046198393920
-382.095043251312 -0.051620425563 -0.005422031643
-382.095108903232 -0.051686077483 -0.000065651920

pentamer_sub5_f7_1000_1000-129
-382.043735370716 0.000000000000 0.000000000000
-382.090438045540 -0.046702674824 -0.046702674824
-382.097674070365 -0.053938699649 -0.007236024825
-382.097769208829 -0.054033838113 -0.000095138464

pentamer_sub5_f7_1000_1000-130
-382.043602418190 0.000000000000 0.000000000000
-382.086841469246 -0.043239051056 -0.043239051056
-382.091759894223 -0.048157476032 -0.004918424976
-382.091892192309 -0.048289774118 -0.000132298086

pentamer_sub5_f7_1000_1000-131
-382.043914963147 0.000000000000 0.000000000000
-382.080488318208 -0.036573355061 -0.036573355061
-382.084025658053 -0.040110694906 -0.003537339845
-382.083947292415 -0.040032329268 0.000078365638

pentamer_sub5_f7_1000_1000-132
-382.043747945702 0.000000000000 0.000000000000
-382.097691036668 -0.053943090967 -0.053943090967
-382.105220044335 -0.061472098633 -0.007529007667
-382.105455876932 -0.061707931230 -0.000235832597

pentamer_sub5_f7_1000_1000-133
-382.043520485560 0.000000000000 0.000000000000
-382.092454754862 -0.048934269302 -0.048934269302
-382.100554474406 -0.057033988846 -0.008099719544
-382.101142992954 -0.057622507394 -0.000588518548

pentamer_sub5_f7_1000_1000-134
-382.043833030522 0.000000000000 0.000000000000
-382.097053196981 -0.053220166459 -0.053220166459
-382.105371946905 -0.061538916383 -0.008318749924
-382.105595689309 -0.061762658788 -0.000223742405

pentamer_sub5_f7_1000_1000-135
-382.043666013136 0.000000000000 0.000000000000
-382.098736366956 -0.055070353821 -0.055070353821
-382.104910339878 -0.061244326742 -0.006173972922
-382.104975703882 -0.061309690746 -0.000065364004

pentamer_sub5_f7_1000_1000-136
-382.043845605591 0.000000000000 0.000000000000
-382.087918607971 -0.044073002380 -0.044073002380
-382.088805313356 -0.044959707764 -0.000886705384
-382.088634448164 -0.044788842572 0.000170865192

pentamer_sub5_f7_1000_1000-137
-382.043161268979 0.000000000000 0.000000000000
-382.083074788181 -0.039913519202 -0.039913519202
-382.089740011563 -0.046578742584 -0.006665223382
-382.090170057611 -0.047008788632 -0.000430046048

pentamer_sub5_f7_1000_1000-138
-382.043473813943 0.000000000000 0.000000000000
-382.086620105864 -0.043146291921 -0.043146291921
-382.089722464169 -0.046248650226 -0.003102358305
-382.089480739979 -0.046006926036 0.000241724191

pentamer_sub5_f7_1000_1000-139
-382.043306796537 0.000000000000 0.000000000000
-382.091621116187 -0.048314319649 -0.048314319649
-382.099675033051 -0.056368236514 -0.008053916864
-382.100145959074 -0.056839162537 -0.000470926023

pentamer_sub5_f7_1000_1000-140
-382.043486388957 0.000000000000 0.000000000000
-382.087677184179 -0.044190795221 -0.044190795221
-382.095804961817 -0.052318572860 -0.008127777638
-382.096594373273 -0.053107984316 -0.000789411456

pentamer_sub5_f7_1000_1000-141
-382.043404456379 0.000000000000 0.000000000000
-382.088926118199 -0.045521661820 -0.045521661820
-382.089343641165 -0.045939184786 -0.000417522966
-382.088920793943 -0.045516337563 0.000422847222

pentamer_sub5_f7_1000_1000-142
-382.043216739406 0.000000000000 0.000000000000
-382.081898152368 -0.038681412962 -0.038681412962
-382.087725688701 -0.044508949295 -0.005827536333
-382.087878875694 -0.044662136288 -0.000153186993

pentamer_sub5_f7_1000_1000-143
-382.043529284366 0.000000000000 0.000000000000
-382.075690862372 -0.032161578006 -0.032161578006
-382.078201640275 -0.034672355909 -0.002510777903
-382.078103116954 -0.034573832588 0.000098523320

pentamer_sub5_f7_1000_1000-144
-382.043362266973 0.000000000000 0.000000000000
-382.088724842320 -0.045362575347 -0.045362575347
-382.092595393969 -0.049233126996 -0.003870551649
-382.092384687292 -0.049022420318 0.000210706678

pentamer_sub5_f7_1000_1000-145
-382.043541859386 0.000000000000 0.000000000000
-382.075216655306 -0.031674795920 -0.031674795920
-382.077332474381 -0.033790614995 -0.002115819075
-382.077205817646 -0.033663958260 0.000126656735

pentamer_sub5_f7_1000_1000-146
-382.043459926837 0.000000000000 0.000000000000
-382.088265483172 -0.044805556335 -0.044805556335
-382.090155556168 -0.046695629331 -0.001890072996
-382.090048252202 -0.046588325365 0.000107303966

pentamer_sub5_f7_1000_1000-147
-382.043100710210 0.000000000000 0.000000000000
-382.079746787851 -0.036646077640 -0.036646077640
-382.080117777411 -0.037017067200 -0.000370989560
-382.080105036785 -0.037004326575 0.000012740625

pentamer_sub5_f7_1000_1000-148
-382.043216806014 0.000000000000 0.000000000000
-382.081898060555 -0.038681254541 -0.038681254541
-382.087724884405 -0.044508078391 -0.005826823850
-382.087877923517 -0.044661117503 -0.000153039112

pentamer_sub5_f7_1000_1000-149
-382.043602548130 0.000000000000 0.000000000000
-382.086842446566 -0.043239898435 -0.043239898435
-382.091760771015 -0.048158222885 -0.004918324450
-382.091893098850 -0.048290550720 -0.000132327835

pentamer_sub5_f7_1000_1000-150
-382.043542011365 0.000000000000 0.000000000000
-382.075216620481 -0.031674609116 -0.031674609116
-382.077332006112 -0.033789994746 -0.002115385630
-382.077205326019 -0.033663314654 0.000126680093

pentamer_sub5_f7_1000_1000-151
-382.043422879522 0.000000000000 0.000000000000
-382.089621553956 -0.046198674434 -0.046198674434
-382.095043458009 -0.051620578487 -0.005421904053
-382.095109051053 -0.051686171531 -0.000065593045

pentamer_sub5_f7_1000_1000-152
-382.043362342871 0.000000000000 0.000000000000
-382.088724223050 -0.045361880178 -0.045361880178
-382.092593976005 -0.049231633134 -0.003869752955
-382.092383025563 -0.049020682691 0.000210950442

pentamer_sub5_f7_1000_1000-153
-382.043748084907 0.000000000000 0.000000000000
-382.097690727148 -0.053942642241 -0.053942642241
-382.105219964796 -0.061471879889 -0.007529237648
-382.105455988765 -0.061707903859 -0.000236023969

pentamer_sub5_f7_1000_1000-154
-382.043589854460 0.000000000000 0.000000000000
-382.091907420290 -0.048317565830 -0.048317565830
-382.100673219732 -0.057083365272 -0.008765799442
-382.101194069860 -0.057604215400 -0.000520850128

pentamer_sub5_f7_1000_1000-155
-382.043529317723 0.000000000000 0.000000000000
-382.075690438257 -0.032161120535 -0.032161120535
-382.078201099872 -0.034671782150 -0.002510661615
-382.078102595977 -0.034573278255 0.000098503895

pentamer_sub5_f7_1000_1000-156
-382.043915059816 0.000000000000 0.000000000000
-382.080488537649 -0.036573477834 -0.036573477834
-382.084025997916 -0.040110938101 -0.003537460267
-382.083947589683 -0.040032529868 0.000078408233

pentamer_sub5_f7_1000_1000-157
-382.043735391247 0.000000000000 0.000000000000
-382.090437683904 -0.046702292657 -0.046702292657
-382.097674210009 -0.053938818761 -0.007236526105
-382.097769342758 -0.054033951510 -0.000095132749

pentamer_sub5_f7_1000_1000-158
-382.043161302950 0.000000000000 0.000000000000
-382.083074378382 -0.039913075431 -0.039913075431
-382.089739907876 -0.046578604926 -0.006665529495
-382.090169867925 -0.047008564975 -0.000429960049

pentamer_sub5_f7_1000_1000-159
-382.043100766183 0.000000000000 0.000000000000
-382.079745772351 -0.036645006168 -0.036645006168
-382.080116271921 -0.037015505738 -0.000370499570
-382.080103475799 -0.037002709616 0.000012796122

pentamer_sub5_f7_1000_1000-160
-382.043486508252 0.000000000000 0.000000000000
-382.087676316747 -0.044189808495 -0.044189808495
-382.095804780305 -0.052318272053 -0.008128463558
-382.096594230112 -0.053107721860 -0.000789449806

pentamer_sub5_f7_1000_1000-161
-382.043306839700 0.000000000000 0.000000000000
-382.091619992352 -0.048313152652 -0.048313152652
-382.099674505225 -0.056367665524 -0.008054512872
-382.100145493505 -0.056838653805 -0.000470988281

pentamer_sub5_f7_1000_1000-162
-382.043473814606 0.000000000000 0.000000000000
-382.086617889255 -0.043144074649 -0.043144074649
-382.089720475735 -0.046246661129 -0.003102586480
-382.089478714655 -0.046004900049 0.000241761080

pentamer_sub5_f7_1000_1000-163
-382.043520422058 0.000000000000 0.000000000000
-382.092453815345 -0.048933393288 -0.048933393288
-382.100553206133 -0.057032784075 -0.008099390788
-382.101141678716 -0.057621256658 -0.000588472583

pentamer_sub5_f7_1000_1000-164
-382.043459885335 0.000000000000 0.000000000000
-382.088264693057 -0.044804807722 -0.044804807722
-382.090154344845 -0.046694459511 -0.001889651789
-382.090047013510 -0.046587128175 0.000107331336

pentamer_sub5_f7_1000_1000-165
-382.043845627417 0.000000000000 0.000000000000
-382.087918495723 -0.044072868306 -0.044072868306
-382.088805350829 -0.044959723412 -0.000886855106
-382.088634486573 -0.044788859156 0.000170864256

pentamer_sub5_f7_1000_1000-166
-382.043665958888 0.000000000000 0.000000000000
-382.098736665897 -0.055070707009 -0.055070707009
-382.104910710467 -0.061244751579 -0.006174044570
-382.104976079591 -0.061310120702 -0.000065369124

pentamer_sub5_f7_1000_1000-167
-382.043832933780 0.000000000000 0.000000000000
-382.097052857320 -0.053219923539 -0.053219923539
-382.105371677557 -0.061538743777 -0.008318820237
-382.105595376233 -0.061762442452 -0.000223698675

pentamer_sub5_f7_1000_1000-168
-382.043404382234 0.000000000000 0.000000000000
-382.088926679076 -0.045522296842 -0.045522296842
-382.089344069983 -0.045939687749 -0.000417390907
-382.088921224898 -0.045516842663 0.000422845086

pentamer_sub5_f7_1000_1000-169
-382.043815812212 0.000000000000 0.000000000000
-382.093826436077 -0.050010623866 -0.050010623866
-382.102131801841 -0.058315989629 -0.008305365763
-382.102527416887 -0.058711604675 -0.000395615046

pentamer_sub5_f7_1000_1000-170
-382.043491054731 0.000000000000 0.000000000000
-382.099331770632 -0.055840715901 -0.055840715901
-382.108600527642 -0.065109472911 -0.009268757010
-382.108959514702 -0.065468459971 -0.000358987060

pentamer_sub5_f7_1000_1000-171
-382.043467810773 0.000000000000 0.000000000000
-382.091197203573 -0.047729392800 -0.047729392800
-382.099584916655 -0.056117105882 -0.008387713081
-382.100180090494 -0.056712279721 -0.000595173839

pentamer_sub5_f7_1000_1000-172
-382.043573926589 0.000000000000 0.000000000000
-382.085270248778 -0.041696322189 -0.041696322189
-382.086765699688 -0.043191773099 -0.001495450910
-382.086660402542 -0.043086475953 0.000105297146

pentamer_sub5_f7_1000_1000-173
-382.043550682586 0.000000000000 0.000000000000
-382.082542282041 -0.038991599456 -0.038991599456
-382.088428501188 -0.044877818602 -0.005886219147
-382.088626366890 -0.045075684304 -0.000197865702

pentamer_sub5_f7_1000_1000-174
-382.043225925206 0.000000000000 0.000000000000
-382.073852169552 -0.030626244346 -0.030626244346
-382.075932714402 -0.032706789197 -0.002080544850
-382.075917127344 -0.032691202139 0.000015587058

pentamer_sub5_f7_1000_1000-175
-382.043784836667 0.000000000000 0.000000000000
-382.100712768853 -0.056927932186 -0.056927932186
-382.107226900388 -0.063442063721 -0.006514131535
-382.107290597136 -0.063505760469 -0.000063696748

pentamer_sub5_f7_1000_1000-176
-382.043761592657 0.000000000000 0.000000000000
-382.092162218921 -0.048400626265 -0.048400626265
-382.097063842267 -0.053302249610 -0.004901623346
-382.097076310119 -0.053314717462 -0.000012467852

pentamer_sub5_f7_1000_1000-177
-382.043436835224 0.000000000000 0.000000000000
-382.092685029970 -0.049248194745 -0.049248194745
-382.100123114450 -0.056686279225 -0.007438084480
-382.100490936299 -0.057054101075 -0.000367821849

pentamer_sub5_f7_1000_1000-178
-382.043519707090 0.000000000000 0.000000000000
-382.090286441326 -0.046766734236 -0.046766734236
-382.094680345066 -0.051160637976 -0.004393903741
-382.094651959540 -0.051132252450 0.000028385526

pentamer_sub5_f7_1000_1000-179
-382.043944484851 0.000000000000 0.000000000000
-382.087651619275 -0.043707134424 -0.043707134424
-382.088434608514 -0.044490123663 -0.000782989239
-382.088076468831 -0.044131983980 0.000358139683

pentamer_sub5_f7_1000_1000-180
-382.043921240857 0.000000000000 0.000000000000
-382.082705023566 -0.038783782709 -0.038783782709
-382.088537856713 -0.044616615856 -0.005832833147
-382.088799686018 -0.044878445160 -0.000261829305

pentamer_sub5_f7_1000_1000-181
-382.043596483357 0.000000000000 0.000000000000
-382.087007365875 -0.043410882518 -0.043410882518
-382.090048006590 -0.046451523233 -0.003040640715
-382.089684076158 -0.046087592801 0.000363930432

pentamer_sub5_f7_1000_1000-182
-382.043679355263 0.000000000000 0.000000000000
-382.078801909417 -0.035122554154 -0.035122554154
-382.078782094549 -0.035102739286 0.000019814868
-382.078782832873 -0.035103477610 -0.000000738324

pentamer_sub5_f7_1000_1000-183
-382.043890265337 0.000000000000 0.000000000000
-382.092515612755 -0.048625347418 -0.048625347418
-382.099683239352 -0.055792974015 -0.007167626596
-382.099785341249 -0.055895075912 -0.000102101897

pentamer_sub5_f7_1000_1000-184
-382.043515474838 0.000000000000 0.000000000000
-382.089108971809 -0.045593496971 -0.045593496971
-382.090612112483 -0.047096637644 -0.001503140673
-382.090407084105 -0.046891609267 0.000205028378

pentamer_sub5_f7_1000_1000-185
-382.043492230818 0.000000000000 0.000000000000
-382.089162829485 -0.045670598667 -0.045670598667
-382.093717616296 -0.050225385478 -0.004554786811
-382.093800294386 -0.050308063568 -0.000082678090

pentamer_sub5_f7_1000_1000-186
-382.043167473344 0.000000000000 0.000000000000
-382.081602090681 -0.038434617336 -0.038434617336
-382.085606394821 -0.042438921477 -0.004004304140
-382.085495754361 -0.042328281017 0.000110640460

pentamer_sub5_f7_1000_1000-187
-382.043250345270 0.000000000000 0.000000000000
-382.075741865770 -0.032491520501 -0.032491520501
-382.077905726021 -0.034655380752 -0.002163860251
-382.077925681411 -0.034675336141 -0.000019955390

pentamer_sub5_f7_1000_1000-188
-382.043461255267 0.000000000000 0.000000000000
-382.098859465697 -0.055398210430 -0.055398210430
-382.105058838740 -0.061597583473 -0.006199373043
-382.105221158855 -0.061759903588 -0.000162320115

pentamer_sub5_f7_1000_1000-189
-382.043620903503 0.000000000000 0.000000000000
-382.088020788247 -0.044399884744 -0.044399884744
-382.095375975930 -0.051755072426 -0.007355187682
-382.095620146781 -0.051999243277 -0.000244170851

pentamer_sub5_f7_1000_1000-190
-382.043469342326 0.000000000000 0.000000000000
-382.087822425555 -0.044353083229 -0.044353083229
-382.095860187834 -0.052390845509 -0.008037762279
-382.096613710493 -0.053144368167 -0.000753522658

pentamer_sub5_f7_1000_1000-191
-382.043899768822 0.000000000000 0.000000000000
-382.081052197112 -0.037152428290 -0.037152428290
-382.084589885992 -0.040690117170 -0.003537688880
-382.084496426837 -0.040596658015 0.000093459155

pentamer_sub5_f7_1000_1000-192
-382.043431224753 0.000000000000 0.000000000000
-382.085793215126 -0.042361990373 -0.042361990373
-382.088714998594 -0.045283773841 -0.002921783468
-382.088434779464 -0.045003554711 0.000280219130

pentamer_sub5_f7_1000_1000-193
-382.043808594199 0.000000000000 0.000000000000
-382.088385053571 -0.044576459372 -0.044576459372
-382.089273333312 -0.045464739113 -0.000888279741
-382.089088829110 -0.045280234911 0.000184504202

pentamer_sub5_f7_1000_1000-194
-382.043340050073 0.000000000000 0.000000000000
-382.087773173037 -0.044433122963 -0.044433122963
-382.087966975275 -0.044626925201 -0.000193802238
-382.087520522006 -0.044180471933 0.000446453269

pentamer_sub5_f7_1000_1000-195
-382.043770476526 0.000000000000 0.000000000000
-382.096611224847 -0.052840748321 -0.052840748321
-382.104761981395 -0.060991504870 -0.008150756548
-382.104872042252 -0.061101565727 -0.000110060857

pentamer_sub5_f7_1000_1000-196
-382.043591550332 0.000000000000 0.000000000000
-382.087882178526 -0.044290628194 -0.044290628194
-382.092886375298 -0.049294824966 -0.005004196772
-382.093039054478 -0.049447504145 -0.000152679180

pentamer_sub5_f7_1000_1000-197
-382.043123006288 0.000000000000 0.000000000000
-382.082685918939 -0.039562912651 -0.039562912651
-382.089194554242 -0.046071547955 -0.006508635303
-382.089626944873 -0.046503938586 -0.000432390631

pentamer_sub5_f7_1000_1000-198
-382.043553432737 0.000000000000 0.000000000000
-382.091734031388 -0.048180598651 -0.048180598651
-382.100224060768 -0.056670628031 -0.008490029380
-382.100658905111 -0.057105472375 -0.000434844344

pentamer_sub5_f7_1000_1000-199
-382.043462258116 0.000000000000 0.000000000000
-382.092456050927 -0.048993792811 -0.048993792811
-382.100354594643 -0.056892336527 -0.007898543716
-382.100867039799 -0.057404781684 -0.000512445156

pentamer_sub5_f7_1000_1000-200
-382.043542975530 0.000000000000 0.000000000000
-382.076058915378 -0.032515939848 -0.032515939848
-382.078219720759 -0.034676745230 -0.002160805381
-382.078095633862 -0.034552658332 0.000124086897

pentamer_sub5_f7_1000_1000-201
-382.043074431420 0.000000000000 0.000000000000
-382.079162894034 -0.036088462614 -0.036088462614
-382.079536864020 -0.036462432600 -0.000373969986
-382.079533613015 -0.036459181595 0.000003251005

pentamer_sub5_f7_1000_1000-202
-382.043504857940 0.000000000000 0.000000000000
-382.075410590611 -0.031905732672 -0.031905732672
-382.077863288389 -0.034358430450 -0.002452697778
-382.077758894149 -0.034254036209 0.000104394241

pentamer_sub5_f7_1000_1000-203
-382.043413683307 0.000000000000 0.000000000000
-382.087931087173 -0.044517403865 -0.044517403865
-382.089769320652 -0.046355637344 -0.001838233479
-382.089662419909 -0.046248736601 0.000106900743

pentamer_sub5_f7_1000_1000-204
-382.043196639448 0.000000000000 0.000000000000
-382.082164906042 -0.038968266594 -0.038968266594
-382.087993938924 -0.044797299476 -0.005829032881
-382.088132444559 -0.044935805111 -0.000138505636

pentamer_sub5_f7_1000_1000-205
-382.043750009297 0.000000000000 0.000000000000
-382.097882290835 -0.054132281538 -0.054132281538
-382.105400213049 -0.061650203752 -0.007517922214
-382.105617145021 -0.061867135724 -0.000216931971

pentamer_sub5_f7_1000_1000-206
-382.043281465205 0.000000000000 0.000000000000
-382.092099687224 -0.048818222020 -0.048818222020
-382.100132615663 -0.056851150458 -0.008032928439
-382.100597356647 -0.057315891442 -0.000464740983

pentamer_sub5_f7_1000_1000-207
-382.043711891697 0.000000000000 0.000000000000
-382.090347240344 -0.046635348647 -0.046635348647
-382.097530995981 -0.053819104284 -0.007183755637
-382.097626856142 -0.053914964445 -0.000095860161

pentamer_sub5_f7_1000_1000-208
-382.043620717033 0.000000000000 0.000000000000
-382.098627485928 -0.055006768895 -0.055006768895
-382.104819938847 -0.061199221814 -0.006192452918
-382.104895071868 -0.061274354834 -0.000075133021

pentamer_sub5_f7_1000_1000-209
-382.043403673212 0.000000000000 0.000000000000
-382.089673206600 -0.046269533388 -0.046269533388
-382.095124729166 -0.051721055954 -0.005451522566
-382.095186813438 -0.051783140225 -0.000062084271

pentamer_sub5_f7_1000_1000-210
-382.043355098356 0.000000000000 0.000000000000
-382.089186984361 -0.045831886006 -0.045831886006
-382.093201616345 -0.049846517989 -0.004014631983
-382.093020201133 -0.049665102777 0.000181415212

pentamer_sub5_f7_1000_1000-211
-382.043298280697 0.000000000000 0.000000000000
-382.094318885030 -0.051020604333 -0.051020604333
-382.097197518778 -0.053899238081 -0.002878633748
-382.096911752987 -0.053613472289 0.000285765792

pentamer_sub5_f7_1000_1000-212
-382.043048028268 0.000000000000 0.000000000000
-382.081971876621 -0.038923848353 -0.038923848353
-382.082060547869 -0.039012519600 -0.000088671248
-382.081987821512 -0.038939793243 0.000072726357

pentamer_sub5_f7_1000_1000-213
-382.043256556205 0.000000000000 0.000000000000
-382.094618037981 -0.051361481776 -0.051361481776
-382.103517313660 -0.060260757456 -0.008899275680
-382.104091684015 -0.060835127810 -0.000574370355

pentamer_sub5_f7_1000_1000-214
-382.043428486960 0.000000000000 0.000000000000
-382.084047819814 -0.040619332854 -0.040619332854
-382.089288657369 -0.045860170409 -0.005240837556
-382.089402862803 -0.045974375843 -0.000114205434

pentamer_sub5_f7_1000_1000-215
-382.043637014895 0.000000000000 0.000000000000
-382.094772862611 -0.051135847716 -0.051135847716
-382.105078832198 -0.061441817303 -0.010305969587
-382.105695214505 -0.062058199610 -0.000616382307

pentamer_sub5_f7_1000_1000-216
-382.043386762325 0.000000000000 0.000000000000
-382.089997612739 -0.046610850414 -0.046610850414
-382.094089656977 -0.050702894652 -0.004092044238
-382.093859208400 -0.050472446075 0.000230448577

pentamer_sub5_f7_1000_1000-217
-382.043438357854 0.000000000000 0.000000000000
-382.079170405126 -0.035732047272 -0.035732047272
-382.079731962840 -0.036293604986 -0.000561557714
-382.079584427376 -0.036146069522 0.000147535464

pentamer_sub5_f7_1000_1000-218
-382.043646885817 0.000000000000 0.000000000000
-382.098203802107 -0.054556916290 -0.054556916290
-382.106952397006 -0.063305511189 -0.008748594899
-382.107427735207 -0.063780849390 -0.000475338201

pentamer_sub5_f7_1000_1000-219
-382.043396633335 0.000000000000 0.000000000000
-382.090668707599 -0.047272074264 -0.047272074264
-382.099593623222 -0.056196989886 -0.008924915623
-382.100315457818 -0.056918824483 -0.000721834596

pentamer_sub5_f7_1000_1000-220
-382.043777092010 0.000000000000 0.000000000000
-382.083249337587 -0.039472245577 -0.039472245577
-382.088471121850 -0.044694029840 -0.005221784263
-382.088746401451 -0.044969309441 -0.000275279601

pentamer_sub5_f7_1000_1000-221
-382.043134472784 0.000000000000 0.000000000000
-382.087314526516 -0.044180053732 -0.044180053732
-382.092574349193 -0.049439876410 -0.005259822677
-382.092865448590 -0.049730975806 -0.000291099396

pentamer_sub5_f7_1000_1000-222
-382.043343000740 0.000000000000 0.000000000000
-382.091498828692 -0.048155827952 -0.048155827952
-382.098873000219 -0.055529999479 -0.007374171527
-382.099116141796 -0.055773141056 -0.000243141577

pentamer_sub5_f7_1000_1000-223
-382.043092748232 0.000000000000 0.000000000000
-382.086282070574 -0.043189322342 -0.043189322342
-382.093838259835 -0.050745511603 -0.007556189261
-382.094180887511 -0.051088139280 -0.000342627677

pentamer_sub5_f7_1000_1000-224
-382.043473206928 0.000000000000 0.000000000000
-382.096031485283 -0.052558278355 -0.052558278355
-382.107772416694 -0.064299209766 -0.011740931411
-382.108749004557 -0.065275797628 -0.000976587863

pentamer_sub5_f7_1000_1000-225
-382.043483077840 0.000000000000 0.000000000000
-382.088205469145 -0.044722391305 -0.044722391305
-382.094435629145 -0.050952551305 -0.006230159999
-382.094620407264 -0.051137329424 -0.000184778119

pentamer_sub5_f7_1000_1000-226
-382.043536447966 0.000000000000 0.000000000000
-382.083863274334 -0.040326826368 -0.040326826368
-382.084867642360 -0.041331194395 -0.001004368026
-382.084700547403 -0.041164099437 0.000167094957

pentamer_sub5_f7_1000_1000-227
-382.043744975799 0.000000000000 0.000000000000
-382.089820543027 -0.046075567228 -0.046075567228
-382.093209318871 -0.049464343072 -0.003388775843
-382.093048454610 -0.049303478811 0.000160864261

pentamer_sub5_f7_1000_1000-228
-382.043494723348 0.000000000000 0.000000000000
-382.089038461516 -0.045543738168 -0.045543738168
-382.088859252637 -0.045364529290 0.000179208879
-382.088400732119 -0.044906008771 0.000458520518

pentamer_sub5_f7_1000_1000-229
-382.043875182043 0.000000000000 0.000000000000
-382.090350792805 -0.046475610762 -0.046475610762
-382.093890799320 -0.050015617276 -0.003540006514
-382.093559879741 -0.049684697697 0.000330919579

pentamer_sub5_f7_1000_1000-230
-382.043885052974 0.000000000000 0.000000000000
-382.078550513196 -0.034665460223 -0.034665460223
-382.077884249171 -0.033999196197 0.000666264025
-382.077720536491 -0.033835483517 0.000163712680

pentamer_sub5_f7_1000_1000-231
-382.043581167916 0.000000000000 0.000000000000
-382.083682286046 -0.040101118130 -0.040101118130
-382.089708421005 -0.046127253089 -0.006026134959
-382.090059258544 -0.046478090628 -0.000350837539

pentamer_sub5_f7_1000_1000-232
-382.043502677260 0.000000000000 0.000000000000
-382.095375662011 -0.051872984751 -0.051872984751
-382.105251926717 -0.061749249457 -0.009876264706
-382.105665301365 -0.062162624105 -0.000413374648

pentamer_sub5_f7_1000_1000-233
-382.043561234886 0.000000000000 0.000000000000
-382.092770717339 -0.049209482452 -0.049209482452
-382.101694359865 -0.058133124979 -0.008923642526
-382.102140499619 -0.058579264732 -0.000446139754

pentamer_sub5_f7_1000_1000-234
-382.043357317745 0.000000000000 0.000000000000
-382.095108056569 -0.051750738824 -0.051750738824
-382.104281253500 -0.060923935755 -0.009173196931
-382.104753247558 -0.061395929813 -0.000471994058

pentamer_sub5_f7_1000_1000-235
-382.043324468547 0.000000000000 0.000000000000
-382.084228942305 -0.040904473758 -0.040904473758
-382.090166390475 -0.046841921928 -0.005937448170
-382.090457455750 -0.047132987203 -0.000291065274

pentamer_sub5_f7_1000_1000-236
-382.043120551450 0.000000000000 0.000000000000
-382.085506697542 -0.042386146092 -0.042386146092
-382.093668210028 -0.050547658578 -0.008161512487
-382.094055090882 -0.050934539432 -0.000386880854

pentamer_sub5_f7_1000_1000-237
-382.043179109035 0.000000000000 0.000000000000
-382.084101284970 -0.040922175935 -0.040922175935
-382.089173308958 -0.045994199922 -0.005072023987
-382.089305168415 -0.046126059380 -0.000131859458

pentamer_sub5_f7_1000_1000-238
-382.043596233635 0.000000000000 0.000000000000
-382.086848944702 -0.043252711067 -0.043252711067
-382.093238486170 -0.049642252535 -0.006389541468
-382.093450108409 -0.049853874774 -0.000211622239

pentamer_sub5_f7_1000_1000-239
-382.043392316518 0.000000000000 0.000000000000
-382.094582718768 -0.051190402251 -0.051190402251
-382.101189874643 -0.057797558125 -0.006607155875
-382.101170956040 -0.057778639522 0.000018918604

pentamer_sub5_f7_1000_1000-240
-382.043450874075 0.000000000000 0.000000000000
-382.093031891472 -0.049581017396 -0.049581017396
-382.097733214630 -0.054282340555 -0.004701323158
-382.097818283108 -0.054367409033 -0.000085068478

pentamer_sub5_f7_1000_1000-241
-382.043214107875 0.000000000000 0.000000000000
-382.095916727298 -0.052702619423 -0.052702619423
-382.108905198735 -0.065691090859 -0.012988471437
-382.109955370834 -0.066741262959 -0.001050172100

pentamer_sub5_f7_1000_1000-242
-382.043804640264 0.000000000000 0.000000000000
-382.077159481715 -0.033354841451 -0.033354841451
-382.077685974929 -0.033881334665 -0.000526493214
-382.077503545670 -0.033698905405 0.000182429259

pentamer_sub5_f7_1000_1000-243
-382.043600723177 0.000000000000 0.000000000000
-382.086265794161 -0.042665070984 -0.042665070984
-382.092276783187 -0.048676060009 -0.006010989025
-382.092501657794 -0.048900934617 -0.000224874607

pentamer_sub5_f7_1000_1000-244
-382.043659280774 0.000000000000 0.000000000000
-382.090036103936 -0.046376823162 -0.046376823162
-382.091522202957 -0.047862922182 -0.001486099021
-382.091016883958 -0.047357603183 0.000505318999

pentamer_sub5_f7_1000_1000-245
-382.043422514493 0.000000000000 0.000000000000
-382.084155654355 -0.040733139862 -0.040733139862
-382.087193630962 -0.043771116469 -0.003037976607
-382.087278420415 -0.043855905922 -0.000084789453

pentamer_sub5_f7_1000_1000-246
-382.043694279567 0.000000000000 0.000000000000
-382.087160864917 -0.043466585351 -0.043466585351
-382.091810923061 -0.048116643494 -0.004650058143
-382.091668390635 -0.047974111068 0.000142532426

pentamer_sub5_f7_1000_1000-247
-382.043336501444 0.000000000000 0.000000000000
-382.076172077289 -0.032835575845 -0.032835575845
-382.077359892650 -0.034023391206 -0.001187815361
-382.077234694672 -0.033898193228 0.000125197977

pentamer_sub5_f7_1000_1000-248
-382.043132584325 0.000000000000 0.000000000000
-382.091461046770 -0.048328462445 -0.048328462445
-382.096485476824 -0.053352892499 -0.005024430054
-382.096531035551 -0.053398451226 -0.000045558727

pentamer_sub5_f7_1000_1000-249
-382.043191141897 0.000000000000 0.000000000000
-382.082979791947 -0.039788650050 -0.039788650050
-382.084172061829 -0.040980919933 -0.001192269883
-382.084062261266 -0.040871119369 0.000109800564

pentamer_sub5_f7_1000_1000-250
-382.042954375632 0.000000000000 0.000000000000
-382.077319785409 -0.034365409777 -0.034365409777
-382.082321262969 -0.039366887336 -0.005001477560
-382.082446998702 -0.039492623070 -0.000125735733

pentamer_sub5_f7_1000_1000-251
-382.043226140687 0.000000000000 0.000000000000
-382.091064357656 -0.047838216969 -0.047838216969
-382.094315091486 -0.051088950798 -0.003250733829
-382.094311807583 -0.051085666895 0.000003283903

pentamer_sub5_f7_1000_1000-252
-382.043434547334 0.000000000000 0.000000000000
-382.081164716548 -0.037730169214 -0.037730169214
-382.084740971543 -0.041306424210 -0.003576254996
-382.084559790018 -0.041125242685 0.000181181525

pentamer_sub5_f7_1000_1000-253
-382.042931179254 0.000000000000 0.000000000000
-382.093007379060 -0.050076199806 -0.050076199806
-382.102968788602 -0.060037609348 -0.009961409542
-382.103560744647 -0.060629565393 -0.000591956045

pentamer_sub5_f7_1000_1000-254
-382.042937014870 0.000000000000 0.000000000000
-382.082849035353 -0.039912020483 -0.039912020483
-382.087746303144 -0.044809288274 -0.004897267791
-382.087740466827 -0.044803451957 0.000005836317

pentamer_sub5_f7_1000_1000-255
-382.042973192694 0.000000000000 0.000000000000
-382.080925380419 -0.037952187725 -0.037952187725
-382.083818036796 -0.040844844102 -0.002892656377
-382.083795408891 -0.040822216197 0.000022627905

pentamer_sub5_f7_1000_1000-256
-382.043261389882 0.000000000000 0.000000000000
-382.091438466818 -0.048177076935 -0.048177076935
-382.093701842473 -0.050440452591 -0.002263375656
-382.093398557545 -0.050137167662 0.000303284929

pentamer_sub5_f7_1000_1000-257
-382.043297567719 0.000000000000 0.000000000000
-382.088735652885 -0.045438085166 -0.045438085166
-382.088547189537 -0.045249621818 0.000188463348
-382.088494757580 -0.045197189861 0.000052431957

pentamer_sub5_f7_1000_1000-258
-382.043303403305 0.000000000000 0.000000000000
-382.095230574763 -0.051927171458 -0.051927171458
-382.099878799566 -0.056575396261 -0.004648224803
-382.099551769813 -0.056248366508 0.000327029754

pentamer_sub5_f7_1000_1000-259
-382.043336253094 0.000000000000 0.000000000000
-382.084451179576 -0.041114926483 -0.041114926483
-382.088725568741 -0.045389315648 -0.004274389165
-382.088666803335 -0.045330550241 0.000058765406

pentamer_sub5_f7_1000_1000-260
-382.043372430912 0.000000000000 0.000000000000
-382.088937547018 -0.045565116106 -0.045565116106
-382.089507232665 -0.046134801753 -0.000569685648
-382.089601467179 -0.046229036267 -0.000094234514

pentamer_sub5_f7_1000_1000-261
-382.043378266489 0.000000000000 0.000000000000
-382.081361604439 -0.037983337950 -0.037983337950
-382.085660666355 -0.042282399866 -0.004299061916
-382.085502207600 -0.042123941111 0.000158458755

pentamer_sub5_f7_1000_1000-262
-382.043702641504 0.000000000000 0.000000000000
-382.092128425156 -0.048425783653 -0.048425783653
-382.094702725853 -0.051000084349 -0.002574300697
-382.094528215221 -0.050825573718 0.000174510631

pentamer_sub5_f7_1000_1000-263
-382.043236513693 0.000000000000 0.000000000000
-382.094814753226 -0.051578239533 -0.051578239533
-382.106399067841 -0.063162554148 -0.011584314616
-382.107273182588 -0.064036668895 -0.000874114746

pentamer_sub5_f7_1000_1000-264
-382.043272691505 0.000000000000 0.000000000000
-382.080776403139 -0.037503711634 -0.037503711634
-382.084732556472 -0.041459864967 -0.003956153333
-382.084760926492 -0.041488234987 -0.000028370020

pentamer_sub5_f7_1000_1000-265
-382.043278527075 0.000000000000 0.000000000000
-382.088589236613 -0.045310709538 -0.045310709538
-382.095246301981 -0.051967774906 -0.006657065368
-382.095340037180 -0.052061510105 -0.000093735199

pentamer_sub5_f7_1000_1000-266
-382.043602902076 0.000000000000 0.000000000000
-382.089029642901 -0.045426740825 -0.045426740825
-382.094830105769 -0.051227203693 -0.005800462868
-382.095010506668 -0.051407604592 -0.000180400899

pentamer_sub5_f7_1000_1000-267
-382.043677765314 0.000000000000 0.000000000000
-382.086726275996 -0.043048510682 -0.043048510682
-382.093323789309 -0.049646023995 -0.006597513313
-382.093306721143 -0.049628955829 0.000017068166

pentamer_sub5_f7_1000_1000-268
-382.043258706224 0.000000000000 0.000000000000
-382.095847943118 -0.052589236894 -0.052589236894
-382.105581120048 -0.062322413825 -0.009733176930
-382.106121037944 -0.062862331720 -0.000539917896

pentamer_sub5_f7_1000_1000-269
-382.043294884057 0.000000000000 0.000000000000
-382.091678185628 -0.048383301571 -0.048383301571
-382.101060006180 -0.057765122123 -0.009381820552
-382.101677713090 -0.058382829033 -0.000617706910

pentamer_sub5_f7_1000_1000-270
-382.043300719606 0.000000000000 0.000000000000
-382.089676788852 -0.046376069246 -0.046376069246
-382.093869366165 -0.050568646559 -0.004192577313
-382.093691486203 -0.050390766596 0.000177879963

pentamer_sub5_f7_1000_1000-271
-382.043625094671 0.000000000000 0.000000000000
-382.090287505521 -0.046662410850 -0.046662410850
-382.091302793755 -0.047677699084 -0.001015288234
-382.091038194009 -0.047413099338 0.000264599746

pentamer_sub5_f7_1000_1000-272
-382.043699957889 0.000000000000 0.000000000000
-382.081269933490 -0.037569975601 -0.037569975601
-382.082683466140 -0.038983508251 -0.001413532650
-382.082468849242 -0.038768891352 0.000214616898

pentamer_sub5_f7_1000_1000-273
-382.043600218423 0.000000000000 0.000000000000
-382.080396822489 -0.036796604066 -0.036796604066
-382.083130051734 -0.039529833311 -0.002733229245
-382.083083083681 -0.039482865258 0.000046968053

pentamer_sub5_f7_1000_1000-274
-382.043437238933 0.000000000000 0.000000000000
-382.080860374853 -0.037423135920 -0.037423135920
-382.081449856018 -0.038012617085 -0.000589481165
-382.081366252772 -0.037929013840 0.000083603245

pentamer_sub5_f7_1000_1000-275
-382.043404805241 0.000000000000 0.000000000000
-382.093096216693 -0.049691411452 -0.049691411452
-382.101943260061 -0.058538454820 -0.008847043369
-382.102378605392 -0.058973800151 -0.000435345331

pentamer_sub5_f7_1000_1000-276
-382.043055166329 0.000000000000 0.000000000000
-382.081604504351 -0.038549338022 -0.038549338022
-382.083012469457 -0.039957303129 -0.001407965106
-382.082942575870 -0.039887409542 0.000069893587

pentamer_sub5_f7_1000_1000-277
-382.043404356799 0.000000000000 0.000000000000
-382.088600772504 -0.045196415706 -0.045196415706
-382.092149184928 -0.048744828130 -0.003548412424
-382.092196486692 -0.048792129893 -0.000047301764

pentamer_sub5_f7_1000_1000-278
-382.043054717958 0.000000000000 0.000000000000
-382.080944262930 -0.037889544971 -0.037889544971
-382.086030439383 -0.042975721425 -0.005086176453
-382.086030327824 -0.042975609865 0.000000111559

pentamer_sub5_f7_1000_1000-279
-382.043022284199 0.000000000000 0.000000000000
-382.082995859270 -0.039973575071 -0.039973575071
-382.087288649978 -0.044266365779 -0.004292790709
-382.087341274144 -0.044318989945 -0.000052624166

pentamer_sub5_f7_1000_1000-280
-382.043660580831 0.000000000000 0.000000000000
-382.091031058106 -0.047370477276 -0.047370477276
-382.094957772270 -0.051297191439 -0.003926714163
-382.095010526880 -0.051349946049 -0.000052754610

pentamer_sub5_f7_1000_1000-281
-382.043310941847 0.000000000000 0.000000000000
-382.094629455412 -0.051318513565 -0.051318513565
-382.097968657235 -0.054657715388 -0.003339201823
-382.097828637683 -0.054517695836 0.000140019552

pentamer_sub5_f7_1000_1000-282
-382.043278508231 0.000000000000 0.000000000000
-382.091882930752 -0.048604422521 -0.048604422521
-382.095631057399 -0.052352549168 -0.003748126646
-382.095616925073 -0.052338416842 0.000014132326

pentamer_sub5_f7_1000_1000-283
-382.043278059804 0.000000000000 0.000000000000
-382.098937432079 -0.055659372275 -0.055659372275
-382.109252098011 -0.065974038207 -0.010314665932
-382.109659522510 -0.066381462706 -0.000407424499

pentamer_sub5_f7_1000_1000-284
-382.043657505107 0.000000000000 0.000000000000
-382.094126024460 -0.050468519353 -0.050468519353
-382.103930341899 -0.060272836792 -0.009804317439
-382.104314234090 -0.060656728984 -0.000383892192

pentamer_sub5_f7_1000_1000-285
-382.043307866143 0.000000000000 0.000000000000
-382.090452418653 -0.047144552510 -0.047144552510
-382.094785811386 -0.051477945243 -0.004333392733
-382.094793796262 -0.051485930119 -0.000007984876

pentamer_sub5_f7_1000_1000-286
-382.043275432397 0.000000000000 0.000000000000
-382.095083406779 -0.051807974382 -0.051807974382
-382.104326109032 -0.061050676636 -0.009242702254
-382.104818235062 -0.061542802666 -0.000492126030

pentamer_sub5_f7_1000_1000-287
-382.043274984031 0.000000000000 0.000000000000
-382.084097368382 -0.040822384351 -0.040822384351
-382.091318356297 -0.048043372266 -0.007220987915
-382.091540165608 -0.048265181577 -0.000221809311

pentamer_sub5_f7_1000_1000-288
-382.043531208043 0.000000000000 0.000000000000
-382.092481498280 -0.048950290237 -0.048950290237
-382.097541605165 -0.054010397122 -0.005060106885
-382.097421138552 -0.053889930508 0.000120466614

pentamer_sub5_f7_1000_1000-289
-382.043834503286 0.000000000000 0.000000000000
-382.082306013138 -0.038471509852 -0.038471509852
-382.082573901784 -0.038739398498 -0.000267888646
-382.082435993775 -0.038601490488 0.000137908010

pentamer_sub5_f7_1000_1000-290
-382.043484864397 0.000000000000 0.000000000000
-382.086441931988 -0.042957067591 -0.042957067591
-382.091896934767 -0.048412070370 -0.005455002779
-382.091776285399 -0.048291421002 0.000120649368

pentamer_sub5_f7_1000_1000-291
-382.043452430693 0.000000000000 0.000000000000
-382.088553290047 -0.045100859355 -0.045100859355
-382.089911998028 -0.046459567335 -0.001358707980
-382.089437813375 -0.045985382682 0.000474184653

pentamer_sub5_f7_1000_1000-292
-382.043451982325 0.000000000000 0.000000000000
-382.088552406447 -0.045100424121 -0.045100424121
-382.092087979594 -0.048635997269 -0.003535573147
-382.092031762149 -0.048579779824 0.000056217445

pentamer_sub5_f7_1000_1000-293
-382.043708206262 0.000000000000 0.000000000000
-382.091107940714 -0.047399734451 -0.047399734451
-382.095805861941 -0.052097655679 -0.004697921228
-382.095473591879 -0.051765385617 0.000332270062

pentamer_sub5_f7_1000_1000-294
-382.043705130547 0.000000000000 0.000000000000
-382.085445887600 -0.041740757053 -0.041740757053
-382.091568854410 -0.047863723863 -0.006122966810
-382.091875603321 -0.048170472774 -0.000306748911

pentamer_sub5_f7_1000_1000-295
-382.043320223772 0.000000000000 0.000000000000
-382.093079306386 -0.049759082614 -0.049759082614
-382.102038205536 -0.058717981764 -0.008958899150
-382.102475946897 -0.059155723125 -0.000437741361

pentamer_sub5_f7_1000_1000-296
-382.043032214687 0.000000000000 0.000000000000
-382.082930449143 -0.039898234456 -0.039898234456
-382.086481923346 -0.043449708659 -0.003551474204
-382.086445821782 -0.043413607095 0.000036101564

pentamer_sub5_f7_1000_1000-297
-382.043400972008 0.000000000000 0.000000000000
-382.089233306947 -0.045832334939 -0.045832334939
-382.089762457514 -0.046361485506 -0.000529150567
-382.089853230068 -0.046452258060 -0.000090772554

pentamer_sub5_f7_1000_1000-298
-382.043361913067 0.000000000000 0.000000000000
-382.091016629005 -0.047654715937 -0.047654715937
-382.094302954544 -0.050941041477 -0.003286325540
-382.094331062438 -0.050969149370 -0.000028107894

pentamer_sub5_f7_1000_1000-299
-382.043730670465 0.000000000000 0.000000000000
-382.082624764293 -0.038894093828 -0.038894093828
-382.085767526474 -0.042036856010 -0.003142762181
-382.085768499776 -0.042037829312 -0.000000973302

pentamer_sub5_f7_1000_1000-300
-382.043442661401 0.000000000000 0.000000000000
-382.086757783679 -0.043315122278 -0.043315122278
-382.092388974936 -0.048946313534 -0.005631191256
-382.092377824949 -0.048935163547 0.000011149987

pentamer_sub5_f7_1000_1000-301
-382.043203142181 0.000000000000 0.000000000000
-382.090948952056 -0.047745809875 -0.047745809875
-382.092950585398 -0.049747443217 -0.002001633342
-382.092438277815 -0.049235135634 0.000512307583

pentamer_sub5_f7_1000_1000-302
-382.043571899546 0.000000000000 0.000000000000
-382.089100770263 -0.045528870716 -0.045528870716
-382.089527127762 -0.045955228215 -0.000426357499
-382.089405869431 -0.045833969884 0.000121258331

pentamer_sub5_f7_1000_1000-303
-382.043283890478 0.000000000000 0.000000000000
-382.095078068050 -0.051794177572 -0.051794177572
-382.098299229718 -0.055015339240 -0.003221161667
-382.098266603041 -0.054982712563 0.000032626677

pentamer_sub5_f7_1000_1000-304
-382.043613588909 0.000000000000 0.000000000000
-382.090764354718 -0.047150765809 -0.047150765809
-382.095344339509 -0.051730750600 -0.004579984791
-382.095076476993 -0.051462888084 0.000267862516

pentamer_sub5_f7_1000_1000-305
-382.042961402230 0.000000000000 0.000000000000
-382.081218411611 -0.038257009381 -0.038257009381
-382.083346476736 -0.040385074506 -0.002128065125
-382.083268742658 -0.040307340428 0.000077734078

pentamer_sub5_f7_1000_1000-306
-382.043330159575 0.000000000000 0.000000000000
-382.081962447040 -0.038632287464 -0.038632287464
-382.085418586639 -0.042088427064 -0.003456139600
-382.085324555162 -0.041994395586 0.000094031478

pentamer_sub5_f7_1000_1000-307
-382.043042150470 0.000000000000 0.000000000000
-382.081632437432 -0.038590286962 -0.038590286962
-382.086697594183 -0.043655443713 -0.005065156751
-382.086633697062 -0.043591546592 0.000063897121

pentamer_sub5_f7_1000_1000-308
-382.043371848923 0.000000000000 0.000000000000
-382.088736398799 -0.045364549876 -0.045364549876
-382.092229441145 -0.048857592222 -0.003493042347
-382.092051629714 -0.048679780791 0.000177811431

pentamer_sub5_f7_1000_1000-309
-382.043213077966 0.000000000000 0.000000000000
-382.099316263504 -0.056103185538 -0.056103185538
-382.109399632523 -0.066186554557 -0.010083369020
-382.109706016284 -0.066492938318 -0.000306383761

pentamer_sub5_f7_1000_1000-310
-382.043209278087 0.000000000000 0.000000000000
-382.095425270255 -0.052215992168 -0.052215992168
-382.104441539313 -0.061232261226 -0.009016269058
-382.104837986937 -0.061628708851 -0.000396447625

pentamer_sub5_f7_1000_1000-311
-382.043578035423 0.000000000000 0.000000000000
-382.093902321237 -0.050324285814 -0.050324285814
-382.103471967695 -0.059893932272 -0.009569646458
-382.103898210533 -0.060320175109 -0.000426242838

pentamer_sub5_f7_1000_1000-312
-382.043290026336 0.000000000000 0.000000000000
-382.081727990536 -0.038437964199 -0.038437964199
-382.083726936828 -0.040436910491 -0.001998946292
-382.083484034290 -0.040194007953 0.000242902538

pentamer_sub5_f7_1000_1000-313
-382.043619724771 0.000000000000 0.000000000000
-382.082307971431 -0.038688246659 -0.038688246659
-382.083617114693 -0.039997389921 -0.001309143262
-382.083264551640 -0.039644826869 0.000352563052

pentamer_sub5_f7_1000_1000-314
-382.043460953855 0.000000000000 0.000000000000
-382.095361242407 -0.051900288552 -0.051900288552
-382.104474326574 -0.061013372719 -0.009113084167
-382.104982265989 -0.061521312134 -0.000507939415

pentamer_sub5_f7_1000_1000-315
-382.043219213888 0.000000000000 0.000000000000
-382.094040787499 -0.050821573611 -0.050821573611
-382.103228032654 -0.060008818766 -0.009187245155
-382.103799219974 -0.060580006087 -0.000571187321

pentamer_sub5_f7_1000_1000-316
-382.043666303375 0.000000000000 0.000000000000
-382.088741174783 -0.045074871407 -0.045074871407
-382.088739004892 -0.045072701517 0.000002169890
-382.088729007441 -0.045062704066 0.000009997451

pentamer_sub5_f7_1000_1000-317
-382.043396670071 0.000000000000 0.000000000000
-382.082248937658 -0.038852267587 -0.038852267587
-382.086198540668 -0.042801870597 -0.003949603010
-382.086292300644 -0.042895630573 -0.000093759975

pentamer_sub5_f7_1000_1000-318
-382.043326699486 0.000000000000 0.000000000000
-382.091787547944 -0.048460848458 -0.048460848458
-382.098081815492 -0.054755116006 -0.006294267548
-382.098204262940 -0.054877563454 -0.000122447447

pentamer_sub5_f7_1000_1000-319
-382.043736437984 0.000000000000 0.000000000000
-382.080695825055 -0.036959387071 -0.036959387071
-382.083052948191 -0.039316510207 -0.002357123136
-382.082965136055 -0.039228698071 0.000087812136

pentamer_sub5_f7_1000_1000-320
-382.043666467433 0.000000000000 0.000000000000
-382.093700706972 -0.050034239538 -0.050034239538
-382.097480646585 -0.053814179152 -0.003779939613
-382.097060801878 -0.053394334445 0.000419844707

pentamer_sub5_f7_1000_1000-321
-382.043396834110 0.000000000000 0.000000000000
-382.091471902625 -0.048075068514 -0.048075068514
-382.098202318475 -0.054805484365 -0.006730415851
-382.098189313495 -0.054792479385 0.000013004980

pentamer_sub5_f7_1000_1000-322
-382.043635047476 0.000000000000 0.000000000000
-382.092714429025 -0.049079381549 -0.049079381549
-382.102854145921 -0.059219098445 -0.010139716896
-382.103474684570 -0.059839637093 -0.000620538648

pentamer_sub5_f7_1000_1000-323
-382.043565076876 0.000000000000 0.000000000000
-382.090488989557 -0.046923912682 -0.046923912682
-382.092520897741 -0.048955820865 -0.002031908184
-382.092194662191 -0.048629585315 0.000326235550

pentamer_sub5_f7_1000_1000-324
-382.043295443669 0.000000000000 0.000000000000
-382.095802633154 -0.052507189486 -0.052507189486
-382.107703900614 -0.064408456946 -0.011901267460
-382.108682020264 -0.065386576595 -0.000978119650

pentamer_sub5_f7_1000_1000-325
-382.043635211508 0.000000000000 0.000000000000
-382.082079686791 -0.038444475283 -0.038444475283
-382.085465822832 -0.041830611324 -0.003386136042
-382.085362409763 -0.041727198255 0.000103413070

pentamer_sub5_f7_1000_1000-326
-382.043372440120 0.000000000000 0.000000000000
-382.091074447880 -0.047702007760 -0.047702007760
-382.099958726851 -0.056586286730 -0.008884278971
-382.100466028847 -0.057093588727 -0.000507301996

pentamer_sub5_f7_1000_1000-327
-382.043302469544 0.000000000000 0.000000000000
-382.089394771534 -0.046092301990 -0.046092301990
-382.089871204690 -0.046568735147 -0.000476433157
-382.089597850853 -0.046295381309 0.000273353837

pentamer_sub5_f7_1000_1000-328
-382.043032836284 0.000000000000 0.000000000000
-382.081629668551 -0.038596832266 -0.038596832266
-382.085369420525 -0.042336584241 -0.003739751974
-382.085398651326 -0.042365815042 -0.000029230801

pentamer_sub5_f7_1000_1000-329
-382.043372604147 0.000000000000 0.000000000000
-382.090279663005 -0.046907058858 -0.046907058858
-382.094101132248 -0.050728528100 -0.003821469242
-382.094006640827 -0.050634036679 0.000094491421

pentamer_sub5_f7_1000_1000-330
-382.043271213683 0.000000000000 0.000000000000
-382.094130520320 -0.050859306637 -0.050859306637
-382.103485618907 -0.060214405225 -0.009355098588
-382.104133447081 -0.060862233399 -0.000647828174

pentamer_sub5_f7_1000_1000-331
-382.043356578969 0.000000000000 0.000000000000
-382.088212925379 -0.044856346410 -0.044856346410
-382.088954030253 -0.045597451284 -0.000741104874
-382.088940874873 -0.045584295904 0.000013155380

pentamer_sub5_f7_1000_1000-332
-382.043286608361 0.000000000000 0.000000000000
-382.095094873957 -0.051808265596 -0.051808265596
-382.098344271262 -0.055057662901 -0.003249397305
-382.098388465977 -0.055101857615 -0.000044194715

pentamer_sub5_f7_1000_1000-333
-382.043016975084 0.000000000000 0.000000000000
-382.088262860929 -0.045245885845 -0.045245885845
-382.095784298636 -0.052767323552 -0.007521437707
-382.095924522661 -0.052907547577 -0.000140224025

pentamer_sub5_f7_1000_1000-334
-382.043356742992 0.000000000000 0.000000000000
-382.081710828899 -0.038354085907 -0.038354085907
-382.086028274854 -0.042671531862 -0.004317445956
-382.086032356120 -0.042675613128 -0.000004081266

pentamer_sub5_f7_1000_1000-335
-382.043255352518 0.000000000000 0.000000000000
-382.083520498570 -0.040265146052 -0.040265146052
-382.088648731873 -0.045393379355 -0.005128233303
-382.088664586852 -0.045409234334 -0.000015854979

pentamer_sub5_f7_1000_1000-336
-382.042992745113 0.000000000000 0.000000000000
-382.081118727983 -0.038125982870 -0.038125982870
-382.082766299834 -0.039773554721 -0.001647571851
-382.082527921833 -0.039535176720 0.000238378001

pentamer_sub5_f7_1000_1000-337
-382.043709602389 0.000000000000 0.000000000000
-382.089445227155 -0.045735624766 -0.045735624766
-382.092484558655 -0.048774956266 -0.003039331500
-382.092052818871 -0.048343216482 0.000431739784

pentamer_sub5_f7_1000_1000-338
-382.043280222265 0.000000000000 0.000000000000
-382.087038670225 -0.043758447960 -0.043758447960
-382.094057381746 -0.050777159482 -0.007018711521
-382.094463657044 -0.051183434780 -0.000406275298

pentamer_sub5_f7_1000_1000-339
-382.043380386490 0.000000000000 0.000000000000
-382.089084606246 -0.045704219756 -0.045704219756
-382.097029088846 -0.053648702356 -0.007944482600
-382.097506488201 -0.054126101711 -0.000477399355

pentamer_sub5_f7_1000_1000-340
-382.043255026364 0.000000000000 0.000000000000
-382.088525995265 -0.045270968901 -0.045270968901
-382.090739818538 -0.047484792174 -0.002213823273
-382.090686587093 -0.047431560729 0.000053231445

pentamer_sub5_f7_1000_1000-341
-382.043355190551 0.000000000000 0.000000000000
-382.077665471216 -0.034310280664 -0.034310280664
-382.080698425089 -0.037343234538 -0.003032953874
-382.080622196060 -0.037267005509 0.000076229029

pentamer_sub5_f7_1000_1000-342
-382.042925810458 0.000000000000 0.000000000000
-382.084161766915 -0.041235956457 -0.041235956457
-382.091613047424 -0.048687236965 -0.007451280508
-382.091965165830 -0.049039355372 -0.000352118407

pentamer_sub5_f7_1000_1000-343
-382.043622978448 0.000000000000 0.000000000000
-382.081939903779 -0.038316925332 -0.038316925332
-382.081318835430 -0.037695856982 0.000621068350
-382.081177735675 -0.037554757227 0.000141099755

pentamer_sub5_f7_1000_1000-344
-382.043723142619 0.000000000000 0.000000000000
-382.077098753752 -0.033375611134 -0.033375611134
-382.079861651878 -0.036138509259 -0.002762898125
-382.079911524832 -0.036188382213 -0.000049872954

pentamer_sub5_f7_1000_1000-345
-382.043293762574 0.000000000000 0.000000000000
-382.084995699675 -0.041701937101 -0.041701937101
-382.092988197345 -0.049694434771 -0.007992497670
-382.093433439164 -0.050139676591 -0.000445241820

pentamer_sub5_f7_1000_1000-346
-382.043268566646 0.000000000000 0.000000000000
-382.076409356410 -0.033140789764 -0.033140789764
-382.079404883848 -0.036136317202 -0.002995527438
-382.079305989712 -0.036037423066 0.000098894136

pentamer_sub5_f7_1000_1000-347
-382.043457465597 0.000000000000 0.000000000000
-382.092987509506 -0.049530043909 -0.049530043909
-382.097382637925 -0.053925172328 -0.004395128419
-382.097308871315 -0.053851405718 0.000073766609

pentamer_sub5_f7_1000_1000-348
-382.043557629794 0.000000000000 0.000000000000
-382.087486778591 -0.043929148798 -0.043929148798
-382.094030365204 -0.050472735410 -0.006543586613
-382.094227199250 -0.050669569456 -0.000196834046

pentamer_sub5_f7_1000_1000-349
-382.043128249747 0.000000000000 0.000000000000
-382.087755742627 -0.044627492879 -0.044627492879
-382.096483040774 -0.053354791027 -0.008727298148
-382.096921029027 -0.053792779279 -0.000437988253

pentamer_sub5_f7_1000_1000-350
-382.043103053796 0.000000000000 0.000000000000
-382.091539538762 -0.048436484966 -0.048436484966
-382.096755056750 -0.053652002954 -0.005215517988
-382.096641696561 -0.053538642765 0.000113360188

pentamer_sub5_f7_1000_1000-351
-382.043471005873 0.000000000000 0.000000000000
-382.094729719932 -0.051258714059 -0.051258714059
-382.105038480851 -0.061567474978 -0.010308760919
-382.105657456109 -0.062186450236 -0.000618975258

pentamer_sub5_f7_1000_1000-352
-382.043421818924 0.000000000000 0.000000000000
-382.089717308866 -0.046295489942 -0.046295489942
-382.089589782379 -0.046167963456 0.000127526487
-382.089120104767 -0.045698285843 0.000469677613

pentamer_sub5_f7_1000_1000-353
-382.043521983139 0.000000000000 0.000000000000
-382.088856537220 -0.045334554081 -0.045334554081
-382.092225734658 -0.048703751519 -0.003369197438
-382.091976331664 -0.048454348524 0.000249402994

pentamer_sub5_f7_1000_1000-354
-382.043092603076 0.000000000000 0.000000000000
-382.085082900792 -0.041990297716 -0.041990297716
-382.092943251766 -0.049850648690 -0.007860350974
-382.093392410486 -0.050299807410 -0.000449158720

pentamer_sub5_f7_1000_1000-355
-382.043067407090 0.000000000000 0.000000000000
-382.080779731236 -0.037712324145 -0.037712324145
-382.081452484625 -0.038385077535 -0.000672753390
-382.081420842114 -0.038353435024 0.000031642511

pentamer_sub5_f7_1000_1000-356
-382.043435359231 0.000000000000 0.000000000000
-382.090232111731 -0.046796752500 -0.046796752500
-382.099793312855 -0.056357953623 -0.009561201123
-382.100603314605 -0.057167955373 -0.000810001750

pentamer_sub5_f7_1000_1000-357
-382.043269846341 0.000000000000 0.000000000000
-382.093827444198 -0.050557597856 -0.050557597856
-382.103318100731 -0.060048254390 -0.009490656533
-382.103954735551 -0.060684889210 -0.000636634820

pentamer_sub5_f7_1000_1000-358
-382.043718813097 0.000000000000 0.000000000000
-382.080569786107 -0.036850973010 -0.036850973010
-382.080606304667 -0.036887491570 -0.000036518560
-382.080534053990 -0.036815240894 0.000072250677

pentamer_sub5_f7_1000_1000-359
-382.043258066636 0.000000000000 0.000000000000
-382.092401454441 -0.049143387805 -0.049143387805
-382.101812954796 -0.058554888159 -0.009411500354
-382.102343895285 -0.059085828649 -0.000530940490

pentamer_sub5_f7_1000_1000-360
-382.043343423413 0.000000000000 0.000000000000
-382.082413835687 -0.039070412275 -0.039070412275
-382.084288827869 -0.040945404456 -0.001874992181
-382.084231811088 -0.040888387675 0.000057016781

pentamer_sub5_f7_1000_1000-361
-382.043303899320 0.000000000000 0.000000000000
-382.087439461383 -0.044135562063 -0.044135562063
-382.090310948999 -0.047007049679 -0.002871487616
-382.089869310586 -0.046565411266 0.000441638413

pentamer_sub5_f7_1000_1000-362
-382.043389256073 0.000000000000 0.000000000000
-382.080426264327 -0.037037008254 -0.037037008254
-382.084569340016 -0.041180083943 -0.004143075689
-382.084571265330 -0.041182009257 -0.000001925314

pentamer_sub5_f7_1000_1000-363
-382.042928509638 0.000000000000 0.000000000000
-382.081010528925 -0.038082019286 -0.038082019286
-382.083087201088 -0.040158691449 -0.002076672163
-382.082927622500 -0.039999112861 0.000159578588

pentamer_sub5_f7_1000_1000-364
-382.043655153013 0.000000000000 0.000000000000
-382.089654594454 -0.045999441441 -0.045999441441
-382.089944427283 -0.046289274269 -0.000289832828
-382.089427208264 -0.045772055251 0.000517219019

pentamer_sub5_f7_1000_1000-365
-382.043740509799 0.000000000000 0.000000000000
-382.091657637515 -0.047917127716 -0.047917127716
-382.094359551954 -0.050619042154 -0.002701914438
-382.094218867517 -0.050478357717 0.000140684437

pentamer_sub5_f7_1000_1000-366
-382.043279763336 0.000000000000 0.000000000000
-382.088726728829 -0.045446965493 -0.045446965493
-382.087448152498 -0.044168389161 0.001278576332
-382.087369559864 -0.044089796527 0.000078592634

pentamer_sub5_f7_1000_1000-367
-382.043325596038 0.000000000000 0.000000000000
-382.094639270337 -0.051313674299 -0.051313674299
-382.098860323402 -0.055534727364 -0.004221053065
-382.098585294607 -0.055259698569 0.000275028795

pentamer_sub5_f7_1000_1000-368
-382.043616940802 0.000000000000 0.000000000000
-382.083545977746 -0.039929036944 -0.039929036944
-382.089579967352 -0.045963026549 -0.006033989605
-382.089911287667 -0.046294346865 -0.000331320315

pentamer_sub5_f7_1000_1000-369
-382.043702297552 0.000000000000 0.000000000000
-382.086987328082 -0.043285030530 -0.043285030530
-382.093724865922 -0.050022568371 -0.006737537841
-382.093684362473 -0.049982064921 0.000040503449

pentamer_sub5_f7_1000_1000-370
-382.043241551141 0.000000000000 0.000000000000
-382.089303236258 -0.046061685116 -0.046061685116
-382.094208932293 -0.050967381151 -0.004905696035
-382.094481722767 -0.051240171626 -0.000272790475

pentamer_sub5_f7_1000_1000-371
-382.043287383783 0.000000000000 0.000000000000
-382.088634341489 -0.045346957706 -0.045346957706
-382.095184306055 -0.051896922272 -0.006549964566
-382.095179509064 -0.051892125281 0.000004796991

pentamer_sub5_f7_1000_1000-372
-382.043638637505 0.000000000000 0.000000000000
-382.089641136657 -0.046002499152 -0.046002499152
-382.095366711134 -0.051728073629 -0.005725574477
-382.095359541566 -0.051720904061 0.000007169568

pentamer_sub5_f7_1000_1000-373
-382.043332250174 0.000000000000 0.000000000000
-382.095048157980 -0.051715907805 -0.051715907805
-382.104786341727 -0.061454091552 -0.009738183747
-382.105377783177 -0.062045533003 -0.000591441450

pentamer_sub5_f7_1000_1000-374
-382.043417606963 0.000000000000 0.000000000000
-382.090260443971 -0.046842837009 -0.046842837009
-382.095012647373 -0.051595040411 -0.004752203402
-382.095011067278 -0.051593460315 0.000001580096

pentamer_sub5_f7_1000_1000-375
-382.042956860532 0.000000000000 0.000000000000
-382.092636034680 -0.049679174148 -0.049679174148
-382.102696413655 -0.059739553123 -0.010060378975
-382.103337202535 -0.060380342004 -0.000640788880

pentamer_sub5_f7_1000_1000-376
-382.043002693225 0.000000000000 0.000000000000
-382.083337566369 -0.040334873144 -0.040334873144
-382.089962519100 -0.046959825874 -0.006624952731
-382.090279331385 -0.047276638160 -0.000316812286

pentamer_sub5_f7_1000_1000-377
-382.043353946916 0.000000000000 0.000000000000
-382.092196708272 -0.048842761356 -0.048842761356
-382.096519484738 -0.053165537822 -0.004322776466
-382.096478274629 -0.053124327713 0.000041210109

pentamer_sub5_f7_1000_1000-378
-382.043315734686 0.000000000000 0.000000000000
-382.084116392344 -0.040800657658 -0.040800657658
-382.091519119918 -0.048203385231 -0.007402727573
-382.091805315791 -0.048489581105 -0.000286195873

pentamer_sub5_f7_1000_1000-379
-382.043428811571 0.000000000000 0.000000000000
-382.091735517756 -0.048306706185 -0.048306706185
-382.095832140462 -0.052403328891 -0.004096622706
-382.095688367358 -0.052259555787 0.000143773104

pentamer_sub5_f7_1000_1000-380
-382.043819409291 0.000000000000 0.000000000000
-382.093321699169 -0.049502289878 -0.049502289878
-382.100938604599 -0.057119195308 -0.007616905430
-382.101155005837 -0.057335596546 -0.000216401237

pentamer_sub5_f7_1000_1000-381
-382.043599205888 0.000000000000 0.000000000000
-382.089058080516 -0.045458874628 -0.045458874628
-382.090062427917 -0.046463222029 -0.001004347401
-382.089864490380 -0.046265284492 0.000197937537

pentamer_sub5_f7_1000_1000-382
-382.043819415465 0.000000000000 0.000000000000
-382.090785827569 -0.046966412104 -0.046966412104
-382.094425781526 -0.050606366061 -0.003639953957
-382.094106110910 -0.050286695446 0.000319670615

pentamer_sub5_f7_1000_1000-383
-382.043599212066 0.000000000000 0.000000000000
-382.088814086632 -0.045214874567 -0.045214874567
-382.095628850319 -0.052029638254 -0.006814763687
-382.095703642174 -0.052104430108 -0.000074791854

pentamer_sub5_f7_1000_1000-384
-382.043989809824 0.000000000000 0.000000000000
-382.080927196698 -0.036937386874 -0.036937386874
-382.082406834829 -0.038417025006 -0.001479638132
-382.082236485236 -0.038246675412 0.000170349594

pentamer_sub5_f7_1000_1000-385
-382.043428809023 0.000000000000 0.000000000000
-382.098794558693 -0.055365749669 -0.055365749669
-382.105254743913 -0.061825934890 -0.006460185220
-382.105405191716 -0.061976382693 -0.000150447803

pentamer_sub5_f7_1000_1000-386
-382.043208605599 0.000000000000 0.000000000000
-382.082951553432 -0.039742947833 -0.039742947833
-382.086179918810 -0.042971313211 -0.003228365378
-382.086060848710 -0.042852243111 0.000119070100

pentamer_sub5_f7_1000_1000-387
-382.043599203344 0.000000000000 0.000000000000
-382.088814028954 -0.045214825610 -0.045214825610
-382.095628764087 -0.052029560743 -0.006814735133
-382.095703552559 -0.052104349215 -0.000074788473

pentamer_sub5_f7_1000_1000-388
-382.043599209528 0.000000000000 0.000000000000
-382.089058097540 -0.045458888012 -0.045458888012
-382.090062456946 -0.046463247419 -0.001004359407
-382.089864519566 -0.046265310039 0.000197937380

pentamer_sub5_f7_1000_1000-389
-382.043379656321 0.000000000000 0.000000000000
-382.094147576503 -0.050767920182 -0.050767920182
-382.103320587036 -0.059940930716 -0.009173010534
-382.103952077860 -0.060572421539 -0.000631490823

pentamer_sub5_f7_1000_1000-390
-382.043159452898 0.000000000000 0.000000000000
-382.075247212470 -0.032087759572 -0.032087759572
-382.077960725024 -0.034801272126 -0.002713512554
-382.077955274764 -0.034795821866 0.000005450260

pentamer_sub5_f7_1000_1000-391
-382.043550050647 0.000000000000 0.000000000000
-382.079243569369 -0.035693518722 -0.035693518722
-382.081454722546 -0.037904671899 -0.002211153177
-382.081352559478 -0.037802508830 0.000102163069

pentamer_sub5_f7_1000_1000-392
-382.043550056826 0.000000000000 0.000000000000
-382.079243570013 -0.035693513187 -0.035693513187
-382.081454717138 -0.037904660312 -0.002211147126
-382.081352554275 -0.037802497449 0.000102162863

pentamer_sub5_f7_1000_1000-393
-382.043159450431 0.000000000000 0.000000000000
-382.075247197419 -0.032087746988 -0.032087746988
-382.077960718686 -0.034801268255 -0.002713521267
-382.077955268374 -0.034795817943 0.000005450312

pentamer_sub5_f7_1000_1000-394
-382.043649002275 0.000000000000 0.000000000000
-382.102092221499 -0.058443219224 -0.058443219224
-382.110062342345 -0.066413340070 -0.007970120846
-382.110324893562 -0.066675891287 -0.000262551216

pentamer_sub5_f7_1000_1000-395
-382.043428798838 0.000000000000 0.000000000000
-382.098794575086 -0.055365776248 -0.055365776248
-382.105254771953 -0.061825973115 -0.006460196868
-382.105405223060 -0.061976424222 -0.000150451107

pentamer_sub5_f7_1000_1000-396
-382.043819396551 0.000000000000 0.000000000000
-382.090785794150 -0.046966397599 -0.046966397599
-382.094425742220 -0.050606345670 -0.003639948070
-382.094106069831 -0.050286673280 0.000319672390

pentamer_sub5_f7_1000_1000-397
-382.043819402693 0.000000000000 0.000000000000
-382.093321748095 -0.049502345402 -0.049502345402
-382.100938661520 -0.057119258827 -0.007616913425
-382.101155064268 -0.057335661575 -0.000216402748

pentamer_sub5_f7_1000_1000-398
-382.043428796315 0.000000000000 0.000000000000
-382.091735506216 -0.048306709901 -0.048306709901
-382.095832116190 -0.052403319875 -0.004096609974
-382.095688340172 -0.052259543858 0.000143776017

pentamer_sub5_f7_1000_1000-399
-382.043379643629 0.000000000000 0.000000000000
-382.094147584374 -0.050767940744 -0.050767940744
-382.103320589903 -0.059940946274 -0.009173005529
-382.103952080231 -0.060572436601 -0.000631490328

pentamer_sub5_f7_1000_1000-400
-382.043298407706 0.000000000000 0.000000000000
-382.094741976233 -0.051443568527 -0.051443568527
-382.104342506899 -0.061044099194 -0.009600530667
-382.104721298966 -0.061422891260 -0.000378792066

pentamer_sub5_f7_1000_1000-401
-382.043124885623 0.000000000000 0.000000000000
-382.095205698658 -0.052080813035 -0.052080813035
-382.103998386112 -0.060873500489 -0.008792687454
-382.104357198851 -0.061232313228 -0.000358812739

pentamer_sub5_f7_1000_1000-402
-382.043332565466 0.000000000000 0.000000000000
-382.093036869708 -0.049704304242 -0.049704304242
-382.101618962998 -0.058286397532 -0.008582093290
-382.101975888496 -0.058643323030 -0.000356925498

pentamer_sub5_f7_1000_1000-403
-382.043016278443 0.000000000000 0.000000000000
-382.094434384007 -0.051418105565 -0.051418105565
-382.104506900484 -0.061490622042 -0.010072516477
-382.105145028850 -0.062128750407 -0.000638128366

pentamer_sub5_f7_1000_1000-404
-382.043223958254 0.000000000000 0.000000000000
-382.077812792533 -0.034588834279 -0.034588834279
-382.082536214380 -0.039312256127 -0.004723421848
-382.082562288020 -0.039338329767 -0.000026073640

pentamer_sub5_f7_1000_1000-405
-382.043050436249 0.000000000000 0.000000000000
-382.083064901198 -0.040014464950 -0.040014464950
-382.085307208709 -0.042256772460 -0.002242307510
-382.085257616169 -0.042207179920 0.000049592540

pentamer_sub5_f7_1000_1000-406
-382.043198882088 0.000000000000 0.000000000000
-382.097152452617 -0.053953570529 -0.053953570529
-382.107042683687 -0.063843801599 -0.009890231070
-382.107588045680 -0.064389163592 -0.000545361993

pentamer_sub5_f7_1000_1000-407
-382.043406561916 0.000000000000 0.000000000000
-382.085099257567 -0.041692695651 -0.041692695651
-382.086923665614 -0.043517103698 -0.001824408047
-382.086733943864 -0.043327381949 0.000189721750

pentamer_sub5_f7_1000_1000-408
-382.043233039880 0.000000000000 0.000000000000
-382.091871969396 -0.048638929516 -0.048638929516
-382.093848444134 -0.050615404255 -0.001976474738
-382.093251407150 -0.050018367271 0.000597036984

pentamer_sub5_f7_1000_1000-409
-382.043124432647 0.000000000000 0.000000000000
-382.095555287949 -0.052430855301 -0.052430855301
-382.106054716607 -0.062930283960 -0.010499428659
-382.106625638813 -0.063501206165 -0.000570922205

pentamer_sub5_f7_1000_1000-410
-382.043360637068 0.000000000000 0.000000000000
-382.083972428526 -0.040611791458 -0.040611791458
-382.085818306876 -0.042457669808 -0.001845878350
-382.085476804231 -0.042116167163 0.000341502645

pentamer_sub5_f7_1000_1000-411
-382.043568316936 0.000000000000 0.000000000000
-382.078826180438 -0.035257863502 -0.035257863502
-382.083097583381 -0.039529266446 -0.004271402943
-382.083130165283 -0.039561848347 -0.000032581901

pentamer_sub5_f7_1000_1000-412
-382.043394794832 0.000000000000 0.000000000000
-382.092010307820 -0.048615512988 -0.048615512988
-382.095486525455 -0.052091730623 -0.003476217635
-382.095508730978 -0.052113936146 -0.000022205523

pentamer_sub5_f7_1000_1000-413
-382.043286187616 0.000000000000 0.000000000000
-382.085139400896 -0.041853213280 -0.041853213280
-382.087494161616 -0.044207974000 -0.002354760721
-382.087413927803 -0.044127740187 0.000080233814

pentamer_sub5_f7_1000_1000-414
-382.043468791309 0.000000000000 0.000000000000
-382.087618856509 -0.044150065200 -0.044150065200
-382.092025076952 -0.048556285642 -0.004406220442
-382.091931195773 -0.048462404463 0.000093881179

pentamer_sub5_f7_1000_1000-415
-382.043061602079 0.000000000000 0.000000000000
-382.083356052801 -0.040294450722 -0.040294450722
-382.085826085160 -0.042764483080 -0.002470032359
-382.085590712087 -0.042529110007 0.000235373073

pentamer_sub5_f7_1000_1000-416
-382.043269281935 0.000000000000 0.000000000000
-382.085677271019 -0.042407989084 -0.042407989084
-382.087670575017 -0.044401293082 -0.001993303998
-382.087694142250 -0.044424860315 -0.000023567233

pentamer_sub5_f7_1000_1000-417
-382.043095759881 0.000000000000 0.000000000000
-382.084680586283 -0.041584826402 -0.041584826402
-382.088540103485 -0.045444343604 -0.003859517202
-382.088458312514 -0.045362552632 0.000081790971

pentamer_sub5_f7_1000_1000-418
-382.042987152665 0.000000000000 0.000000000000
-382.078287972674 -0.035300820009 -0.035300820009
-382.083088483114 -0.040101330449 -0.004800510440
-382.083146276964 -0.040159124299 -0.000057793850

pentamer_sub5_f7_1000_1000-419
-382.043169756290 0.000000000000 0.000000000000
-382.092337924536 -0.049168168246 -0.049168168246
-382.096058878000 -0.052889121710 -0.003720953464
-382.096184732032 -0.053014975743 -0.000125854032

pentamer_sub5_f7_1000_1000-420
-382.043331511274 0.000000000000 0.000000000000
-382.083899879333 -0.040568368058 -0.040568368058
-382.089611452449 -0.046279941175 -0.005711573117
-382.089776815513 -0.046445304238 -0.000165363063

pentamer_sub5_f7_1000_1000-421
-382.043170615281 0.000000000000 0.000000000000
-382.084851479855 -0.041680864574 -0.041680864574
-382.088920012074 -0.045749396793 -0.004068532219
-382.089101886146 -0.045931270865 -0.000181874072

pentamer_sub5_f7_1000_1000-422
-382.043512622332 0.000000000000 0.000000000000
-382.080779191087 -0.037266568754 -0.037266568754
-382.084010847635 -0.040498225302 -0.003231656548
-382.083967354326 -0.040454731993 0.000043493309

pentamer_sub5_f7_1000_1000-423
-382.043461224349 0.000000000000 0.000000000000
-382.085791980138 -0.042330755789 -0.042330755789
-382.085074340694 -0.041613116345 0.000717639445
-382.084972664404 -0.041511440055 0.000101676290

pentamer_sub5_f7_1000_1000-424
-382.043372827420 0.000000000000 0.000000000000
-382.099585516396 -0.056212688977 -0.056212688977
-382.110006151616 -0.066633324197 -0.010420635220
-382.110705969290 -0.067333141871 -0.000699817674

pentamer_sub5_f7_1000_1000-425
-382.043321429458 0.000000000000 0.000000000000
-382.087826973515 -0.044505544057 -0.044505544057
-382.090420892791 -0.047099463333 -0.002593919276
-382.090210791636 -0.046889362178 0.000210101155

pentamer_sub5_f7_1000_1000-426
-382.043663436518 0.000000000000 0.000000000000
-382.098331960149 -0.054668523630 -0.054668523630
-382.107042701668 -0.063379265150 -0.008710741519
-382.107429967760 -0.063766531241 -0.000387266092

pentamer_sub5_f7_1000_1000-427
-382.043117587039 0.000000000000 0.000000000000
-382.083090598448 -0.039973011409 -0.039973011409
-382.086395630237 -0.043278043198 -0.003305031790
-382.086342357710 -0.043224770671 0.000053272527

pentamer_sub5_f7_1000_1000-428
-382.043066189090 0.000000000000 0.000000000000
-382.083322520279 -0.040256331189 -0.040256331189
-382.084852637163 -0.041786448073 -0.001530116884
-382.084564574984 -0.041498385894 0.000288062179

pentamer_sub5_f7_1000_1000-429
-382.043408196155 0.000000000000 0.000000000000
-382.091689967412 -0.048281771257 -0.048281771257
-382.100438597196 -0.057030401041 -0.008748629784
-382.100926034771 -0.057517838616 -0.000487437575

pentamer_sub5_f7_1000_1000-430
-382.043268401235 0.000000000000 0.000000000000
-382.094503500161 -0.051235098926 -0.051235098926
-382.103520325455 -0.060251924220 -0.009016825294
-382.104125185373 -0.060856784138 -0.000604859918

pentamer_sub5_f7_1000_1000-431
-382.043453221160 0.000000000000 0.000000000000
-382.095708983600 -0.052255762440 -0.052255762440
-382.104923541978 -0.061470320818 -0.009214558378
-382.105395527675 -0.061942306515 -0.000471985697

pentamer_sub5_f7_1000_1000-432
-382.043401823239 0.000000000000 0.000000000000
-382.085568103885 -0.042166280646 -0.042166280646
-382.092008245488 -0.048606422248 -0.006440141603
-382.092376997274 -0.048975174035 -0.000368751786

pentamer_sub5_f7_1000_1000-433
-382.043743830271 0.000000000000 0.000000000000
-382.084880458961 -0.041136628690 -0.041136628690
-382.091398956544 -0.047655126273 -0.006518497583
-382.091475150719 -0.047731320448 -0.000076194175

pentamer_sub5_f7_1000_1000-434
-382.043604035342 0.000000000000 0.000000000000
-382.093596785915 -0.049992750573 -0.049992750573
-382.102289164230 -0.058685128888 -0.008692378315
-382.102710319538 -0.059106284196 -0.000421155308

pentamer_sub5_f7_1000_1000-435
-382.043348794950 0.000000000000 0.000000000000
-382.091580791936 -0.048231996986 -0.048231996986
-382.096717647055 -0.053368852104 -0.005136855118
-382.096671279087 -0.053322484137 0.000046367967

pentamer_sub5_f7_1000_1000-436
-382.043605043256 0.000000000000 0.000000000000
-382.082625679181 -0.039020635924 -0.039020635924
-382.086970634050 -0.043365590794 -0.004344954869
-382.087027482762 -0.043422439506 -0.000056848712

pentamer_sub5_f7_1000_1000-437
-382.043553645302 0.000000000000 0.000000000000
-382.085480622331 -0.041926977029 -0.041926977029
-382.088126675171 -0.044573029869 -0.002646052840
-382.088213064862 -0.044659419560 -0.000086389691

pentamer_sub5_f7_1000_1000-438
-382.043895652346 0.000000000000 0.000000000000
-382.080650322272 -0.036754669926 -0.036754669926
-382.082217554533 -0.038321902186 -0.001567232260
-382.082026552296 -0.038130899950 0.000191002237

pentamer_sub5_f7_1000_1000-439
-382.043755857478 0.000000000000 0.000000000000
-382.088621288266 -0.044865430788 -0.044865430788
-382.090594000901 -0.046838143423 -0.001972712635
-382.090155221448 -0.046399363970 0.000438779454

pentamer_sub5_f7_1000_1000-440
-382.043500617063 0.000000000000 0.000000000000
-382.090015198075 -0.046514581012 -0.046514581012
-382.091232119741 -0.047731502678 -0.001216921666
-382.091035117033 -0.047534499971 0.000197002707

pentamer_sub5_f7_1000_1000-441
-382.043836251199 0.000000000000 0.000000000000
-382.092848050943 -0.049011799744 -0.049011799744
-382.098033120570 -0.054196869371 -0.005185069627
-382.097998794541 -0.054162543342 0.000034326029

pentamer_sub5_f7_1000_1000-442
-382.043332088473 0.000000000000 0.000000000000
-382.090983718628 -0.047651630155 -0.047651630155
-382.097779521383 -0.054447432909 -0.006795802755
-382.097880583529 -0.054548495055 -0.000101062146

pentamer_sub5_f7_1000_1000-443
-382.043395864540 0.000000000000 0.000000000000
-382.086917224868 -0.043521360328 -0.043521360328
-382.089785255146 -0.046389390606 -0.002868030278
-382.089548613560 -0.046152749020 0.000236641586

pentamer_sub5_f7_1000_1000-444
-382.043026124801 0.000000000000 0.000000000000
-382.083329620493 -0.040303495692 -0.040303495692
-382.090220636441 -0.047194511640 -0.006891015948
-382.090570058315 -0.047543933514 -0.000349421874

pentamer_sub5_f7_1000_1000-445
-382.043729564628 0.000000000000 0.000000000000
-382.081348366765 -0.037618802136 -0.037618802136
-382.083010966339 -0.039281401710 -0.001662599574
-382.082979474119 -0.039249909490 0.000031492220

pentamer_sub5_f7_1000_1000-446
-382.043359824898 0.000000000000 0.000000000000
-382.089660769266 -0.046300944369 -0.046300944369
-382.095269323887 -0.051909498989 -0.005608554620
-382.095644897634 -0.052285072736 -0.000375573748

pentamer_sub5_f7_1000_1000-447
-382.043423601050 0.000000000000 0.000000000000
-382.090612381335 -0.047188780285 -0.047188780285
-382.099992195199 -0.056568594149 -0.009379813864
-382.100690462698 -0.057266861649 -0.000698267499

pentamer_sub5_f7_1000_1000-448
-382.043566419533 0.000000000000 0.000000000000
-382.084304577094 -0.040738157561 -0.040738157561
-382.089832377451 -0.046265957918 -0.005527800357
-382.089958997416 -0.046392577883 -0.000126619965

pentamer_sub5_f7_1000_1000-449
-382.043196679846 0.000000000000 0.000000000000
-382.085676977722 -0.042480297875 -0.042480297875
-382.093210994995 -0.050014315148 -0.007534017273
-382.093592018447 -0.050395338600 -0.000381023452

pentamer_sub5_f7_1000_1000-450
-382.043260455908 0.000000000000 0.000000000000
-382.093374280770 -0.050113824862 -0.050113824862
-382.102733145096 -0.059472689188 -0.009358864326
-382.103357597243 -0.060097141335 -0.000624452147

pentamer_sub5_f7_1000_1000-451
-382.043594156005 0.000000000000 0.000000000000
-382.093732291007 -0.050138135002 -0.050138135002
-382.103789465654 -0.060195309648 -0.010057174646
-382.104392116295 -0.060797960290 -0.000602650642

pentamer_sub5_f7_1000_1000-452
-382.043291004754 0.000000000000 0.000000000000
-382.081060041187 -0.037769036433 -0.037769036433
-382.085237541094 -0.041946536340 -0.004177499907
-382.085102542988 -0.041811538234 0.000134998106

pentamer_sub5_f7_1000_1000-453
-382.042921264973 0.000000000000 0.000000000000
-382.087753356885 -0.044832091911 -0.044832091911
-382.095076367327 -0.052155102354 -0.007323010443
-382.095161963304 -0.052240698331 -0.000085595977

pentamer_sub5_f7_1000_1000-454
-382.042985041077 0.000000000000 0.000000000000
-382.079100084748 -0.036115043670 -0.036115043670
-382.079836798027 -0.036851756949 -0.000736713279
-382.079824227786 -0.036839186708 0.000012570241

pentamer_sub5_f7_1000_1000-455
-382.043318741133 0.000000000000 0.000000000000
-382.081833481558 -0.038514740425 -0.038514740425
-382.084069670486 -0.040750929352 -0.002236188927
-382.083899466056 -0.040580724923 0.000170204430

pentamer_sub5_f7_1000_1000-456
-382.043155596047 0.000000000000 0.000000000000
-382.090543475024 -0.047387878977 -0.047387878977
-382.095322786129 -0.052167190082 -0.004779311104
-382.095235896254 -0.052080300207 0.000086889875

pentamer_sub5_f7_1000_1000-457
-382.043643516702 0.000000000000 0.000000000000
-382.092959805208 -0.049316288506 -0.049316288506
-382.096615042272 -0.052971525570 -0.003655237064
-382.096105294915 -0.052461778214 0.000509747357

pentamer_sub5_f7_1000_1000-458
-382.043273776952 0.000000000000 0.000000000000
-382.091048124315 -0.047774347363 -0.047774347363
-382.097182226623 -0.053908449671 -0.006134102308
-382.097298813126 -0.054025036174 -0.000116586503

pentamer_sub5_f7_1000_1000-459
-382.043337553081 0.000000000000 0.000000000000
-382.088027535673 -0.044689982591 -0.044689982591
-382.087787609647 -0.044450056566 0.000239926026
-382.087347376815 -0.044009823734 0.000440232832

pentamer_sub5_f7_1000_1000-460
-382.043671253176 0.000000000000 0.000000000000
-382.088131115824 -0.044459862648 -0.044459862648
-382.086729682011 -0.043058428835 0.001401433812
-382.086617496453 -0.042946243277 0.000112185558

pentamer_sub5_f7_1000_1000-461
-382.043508108025 0.000000000000 0.000000000000
-382.091898772529 -0.048390664504 -0.048390664504
-382.096193304945 -0.052685196920 -0.004294532417
-382.096149361660 -0.052641253635 0.000043943285

pentamer_sub5_f7_1000_1000-462
-382.043232693204 0.000000000000 0.000000000000
-382.094177567888 -0.050944874684 -0.050944874684
-382.097125612200 -0.053892918996 -0.002948044312
-382.096969895151 -0.053737201947 0.000155717049

pentamer_sub5_f7_1000_1000-463
-382.043671290281 0.000000000000 0.000000000000
-382.091519712024 -0.047848421743 -0.047848421743
-382.095093553613 -0.051422263332 -0.003573841589
-382.095277624090 -0.051606333809 -0.000184070477

pentamer_sub5_f7_1000_1000-464
-382.043784818835 0.000000000000 0.000000000000
-382.087125948288 -0.043341129453 -0.043341129453
-382.087067930011 -0.043283111176 0.000058018277
-382.086597373112 -0.042812554278 0.000470556899

pentamer_sub5_f7_1000_1000-465
-382.043823426569 0.000000000000 0.000000000000
-382.087867570871 -0.044044144303 -0.044044144303
-382.089725404760 -0.045901978191 -0.001857833889
-382.089768971947 -0.045945545379 -0.000043567187

pentamer_sub5_f7_1000_1000-466
-382.043669191333 0.000000000000 0.000000000000
-382.089671672851 -0.046002481518 -0.046002481518
-382.095842987538 -0.052173796205 -0.006171314687
-382.096080945402 -0.052411754068 -0.000237957863

pentamer_sub5_f7_1000_1000-467
-382.043707799145 0.000000000000 0.000000000000
-382.092133439897 -0.048425640751 -0.048425640751
-382.103340046879 -0.059632247734 -0.011206606982
-382.104117933201 -0.060410134056 -0.000777886322

pentamer_sub5_f7_1000_1000-468
-382.043821327651 0.000000000000 0.000000000000
-382.080296189561 -0.036474861910 -0.036474861910
-382.085724528296 -0.041903200646 -0.005428338735
-382.085882924320 -0.042061596669 -0.000158396023

pentamer_sub5_f7_1000_1000-469
-382.043374288411 0.000000000000 0.000000000000
-382.091576073678 -0.048201785267 -0.048201785267
-382.092661661820 -0.049287373409 -0.001085588142
-382.092103555672 -0.048729267261 0.000558106148

pentamer_sub5_f7_1000_1000-470
-382.043412896288 0.000000000000 0.000000000000
-382.083242396961 -0.039829500673 -0.039829500673
-382.086923537623 -0.043510641334 -0.003681140662
-382.086979416616 -0.043566520328 -0.000055878993

pentamer_sub5_f7_1000_1000-471
-382.043526424796 0.000000000000 0.000000000000
-382.083290271973 -0.039763847177 -0.039763847177
-382.085492450262 -0.041966025465 -0.002202178288
-382.085271834670 -0.041745409874 0.000220615591

pentamer_sub5_f7_1000_1000-472
-382.043410797282 0.000000000000 0.000000000000
-382.087909869405 -0.044499072123 -0.044499072123
-382.091961868433 -0.048551071151 -0.004051999028
-382.092188047596 -0.048777250314 -0.000226179163

pentamer_sub5_f7_1000_1000-473
-382.043316828995 0.000000000000 0.000000000000
-382.096663182962 -0.053346353967 -0.053346353967
-382.105416851412 -0.062100022417 -0.008753668450
-382.105849857474 -0.062533028479 -0.000433006062

pentamer_sub5_f7_1000_1000-474
-382.043355436705 0.000000000000 0.000000000000
-382.083068449251 -0.039713012546 -0.039713012546
-382.088502885797 -0.045147449092 -0.005434436546
-382.088720175967 -0.045364739262 -0.000217290170

pentamer_sub5_f7_1000_1000-475
-382.043468965230 0.000000000000 0.000000000000
-382.077133636882 -0.033664671652 -0.033664671652
-382.077217231088 -0.033748265858 -0.000083594206
-382.077079952166 -0.033610986936 0.000137278922

pentamer_sub5_f7_1000_1000-476
-382.043353337837 0.000000000000 0.000000000000
-382.086971421290 -0.043618083453 -0.043618083453
-382.093060618366 -0.049707280529 -0.006089197077
-382.093193626992 -0.049840289155 -0.000133008626

pentamer_sub5_f7_1000_1000-477
-382.043058434903 0.000000000000 0.000000000000
-382.077413019388 -0.034354584485 -0.034354584485
-382.078159808015 -0.035101373112 -0.000746788627
-382.078038509063 -0.034980074160 0.000121298952

pentamer_sub5_f7_1000_1000-478
-382.043319869117 0.000000000000 0.000000000000
-382.096641588365 -0.053321719247 -0.053321719247
-382.106218941130 -0.062899072013 -0.009577352765
-382.106836843455 -0.063516974338 -0.000617902325

pentamer_sub5_f7_1000_1000-479
-382.043358476904 0.000000000000 0.000000000000
-382.092221716245 -0.048863239341 -0.048863239341
-382.097877596128 -0.054519119223 -0.005655879882
-382.097834269833 -0.054475792928 0.000043326295

pentamer_sub5_f7_1000_1000-480
-382.043472005373 0.000000000000 0.000000000000
-382.092329770000 -0.048857764627 -0.048857764627
-382.096916614214 -0.053444608841 -0.004586844214
-382.096841081165 -0.053369075793 0.000075533049

pentamer_sub5_f7_1000_1000-481
-382.043356377944 0.000000000000 0.000000000000
-382.085995397644 -0.042639019700 -0.042639019700
-382.093743715053 -0.050387337109 -0.007748317409
-382.093957169455 -0.050600791511 -0.000213454402

pentamer_sub5_f7_1000_1000-482
-382.043061475067 0.000000000000 0.000000000000
-382.086027907811 -0.042966432744 -0.042966432744
-382.092244697323 -0.049183222256 -0.006216789512
-382.092536759690 -0.049475284623 -0.000292062367

pentamer_sub5_f7_1000_1000-483
-382.043004015516 0.000000000000 0.000000000000
-382.092206752361 -0.049202736845 -0.049202736845
-382.102223927986 -0.059219912469 -0.010017175624
-382.102938702372 -0.059934686856 -0.000714774387

pentamer_sub5_f7_1000_1000-484
-382.043093402004 0.000000000000 0.000000000000
-382.082981227749 -0.039887825745 -0.039887825745
-382.088231069107 -0.045137667103 -0.005249841358
-382.088532210121 -0.045438808117 -0.000301141014

pentamer_sub5_f7_1000_1000-485
-382.043406177090 0.000000000000 0.000000000000
-382.090539523172 -0.047133346082 -0.047133346082
-382.095057767867 -0.051651590777 -0.004518244695
-382.095365954425 -0.051959777335 -0.000308186558

pentamer_sub5_f7_1000_1000-486
-382.043299397458 0.000000000000 0.000000000000
-382.079999185805 -0.036699788347 -0.036699788347
-382.085502434287 -0.042203036829 -0.005503248482
-382.085601180187 -0.042301782729 -0.000098745900

pentamer_sub5_f7_1000_1000-487
-382.043334171805 0.000000000000 0.000000000000
-382.093417158003 -0.050082986197 -0.050082986197
-382.105399610596 -0.062065438791 -0.011982452594
-382.106262808129 -0.062928636324 -0.000863197533

pentamer_sub5_f7_1000_1000-488
-382.043227392167 0.000000000000 0.000000000000
-382.083645944643 -0.040418552476 -0.040418552476
-382.087502713468 -0.044275321302 -0.003856768826
-382.087632081118 -0.044404688951 -0.000129367649

pentamer_sub5_f7_1000_1000-489
-382.043540167326 0.000000000000 0.000000000000
-382.077869329194 -0.034329161868 -0.034329161868
-382.083130669423 -0.039590502096 -0.005261340229
-382.083482233880 -0.039942066553 -0.000351564457

pentamer_sub5_f7_1000_1000-490
-382.042928001869 0.000000000000 0.000000000000
-382.083484211555 -0.040556209686 -0.040556209686
-382.088854006830 -0.045926004961 -0.005369795275
-382.088912757624 -0.045984755755 -0.000058750794

pentamer_sub5_f7_1000_1000-491
-382.042821222274 0.000000000000 0.000000000000
-382.073830362921 -0.031009140646 -0.031009140646
-382.076662151640 -0.033840929366 -0.002831788720
-382.076672065909 -0.033850843635 -0.000009914269

pentamer_sub5_f7_1000_1000-492
-382.043133997401 0.000000000000 0.000000000000
-382.081064901024 -0.037930903624 -0.037930903624
-382.083333584268 -0.040199586868 -0.002268683244
-382.083107810307 -0.039973812906 0.000225773961

pentamer_sub5_f7_1000_1000-493
-382.043061992095 0.000000000000 0.000000000000
-382.083424661883 -0.040362669789 -0.040362669789
-382.090805401507 -0.047743409413 -0.007380739624
-382.091111079566 -0.048049087471 -0.000305678058

pentamer_sub5_f7_1000_1000-494
-382.043244697193 0.000000000000 0.000000000000
-382.090602438318 -0.047357741125 -0.047357741125
-382.093922596307 -0.050677899114 -0.003320157989
-382.093897603841 -0.050652906649 0.000024992466

pentamer_sub5_f7_1000_1000-495
-382.043137917596 0.000000000000 0.000000000000
-382.081930498194 -0.038792580599 -0.038792580599
-382.083700423010 -0.040562505415 -0.001769924816
-382.083639728002 -0.040501810407 0.000060695008

pentamer_sub5_f7_1000_1000-496
-382.043450692739 0.000000000000 0.000000000000
-382.083154093925 -0.039703401186 -0.039703401186
-382.084638543131 -0.041187850392 -0.001484449206
-382.084502991313 -0.041052298574 0.000135551818

pentamer_sub5_f7_1000_1000-497
-382.043378687457 0.000000000000 0.000000000000
-382.085055792040 -0.041677104584 -0.041677104584
-382.091143116386 -0.047764428929 -0.006087324346
-382.091174675028 -0.047795987571 -0.000031558642

pentamer_sub5_f7_1000_1000-498
-382.042972517522 0.000000000000 0.000000000000
-382.092230402031 -0.049257884510 -0.049257884510
-382.101998744227 -0.059026226705 -0.009768342196
-382.102682153882 -0.059709636360 -0.000683409655

pentamer_sub5_f7_1000_1000-499
-382.043237688926 0.000000000000 0.000000000000
-382.092412752428 -0.049175063503 -0.049175063503
-382.097389753298 -0.054152064372 -0.004977000870
-382.097295901018 -0.054058212092 0.000093852280

pentamer_sub5_f7_1000_1000-500
-382.043130909325 0.000000000000 0.000000000000
-382.089859701945 -0.046728792620 -0.046728792620
-382.094271393009 -0.051140483684 -0.004411691064
-382.094222355316 -0.051091445991 0.000049037693

